"CACCAACAAATGTGCCAGCCAGTCGGGCATGACCGCATATGGCACGA","xxxxxxxxxxxxxxCCAGCCAGTCGcGCATGxxxxxxxxxxxxxxxx","7.0","10.0","17.0","5.534783675999563","30.62105527376872","20.58270210788578","28.23040354281898","-10.03835316588294","5.0","7.0","12.0","71.42857142857143","70.0","70.58823529411765","-46.2","-33.7","-1.5","0.0","-24.3","24.52681922912598","7.286974430084229"
"CACCAACAAATGTGCCAGCCAGTCGGGCATGACCGCATATGGCACGA","xxxxxxxxxxxxxxCCAGCCAGTCGcGCATGACxxxxxxxxxxxxxx","7.0","12.0","19.0","5.534783675999563","38.55364189711969","30.36331514356181","37.21921941435107","-8.190326753557883","5.0","8.0","13.0","71.42857142857143","66.66666666666667","68.42105263157895","-41.1","-30.0","-2.1","0.0","-24.3","24.52681922912598","5.820797920227051"
"CACCAACAAATGTGCCAGCCAGTCGGGCATGACCGCATATGGCACGA","xxxxxxxxxxxxxxCCAGCCAGTCGcGCATGACCGCxxxxxxxxxxx","7.0","15.0","22.0","5.534783675999563","52.10308769372261","45.90673264041669","50.18909256062261","-6.196355053305922","5.0","11.0","16.0","71.42857142857143","73.33333333333333","72.72727272727273","-45.4","-32.3","-5.8","0.0","-24.3","24.52681922912598","2.794193267822266"
"CACCAACAAATGTGCCAGCCAGTCGGGCATGACCGCATATGGCACGA","xxxxxxxxxxxxxxCCAGCCAGTCGcGCATGACCGCATATGxxxxxx","7.0","20.0","27.0","5.534783675999563","55.87779062790895","51.21063075634135","52.80005257281158","-4.667159871567605","5.0","12.0","17.0","71.42857142857143","60.0","62.96296296296296","-49.3","-35.5","-5.8","0.0","-24.3","24.52681922912598","0.2859597206115723"
"CACCAACAAATGTGCCAGCCAGTCGGGCATGACCGCATATGGCACGA","xxxxxxxxxxxxTGCCAGCCAGTCGcGCATGxxxxxxxxxxxxxxxx","9.0","10.0","19.0","27.39207745074197","30.62105527376872","20.58270210788578","28.23040354281898","-10.03835316588294","6.0","7.0","13.0","66.66666666666667","70.0","68.42105263157895","-50.9","-33.7","-4.0","0.0","-24.3","24.52681922912598","9.48588752746582"
"CACCAACAAATGTGCCAGCCAGTCGGGCATGACCGCATATGGCACGA","xxxxxxxxxxxxTGCCAGCCAGTCGcGCATGACxxxxxxxxxxxxxx","9.0","12.0","21.0","27.39207745074197","38.55364189711969","30.36331514356181","37.21921941435107","-8.190326753557883","6.0","8.0","14.0","66.66666666666667","66.66666666666667","66.66666666666667","-45.8","-30.0","-5.9","0.0","-24.3","24.52681922912598","9.021625518798828"
"CACCAACAAATGTGCCAGCCAGTCGGGCATGACCGCATATGGCACGA","xxxxxxxxxxxxTGCCAGCCAGTCGcGCATGACCGCxxxxxxxxxxx","9.0","15.0","24.0","27.39207745074197","52.10308769372261","45.90673264041669","50.18909256062261","-6.196355053305922","6.0","11.0","17.0","66.66666666666667","73.33333333333333","70.83333333333333","-50.1","-32.6","-5.8","0.0","-24.3","24.52681922912598","7.18532657623291"
"CACCAACAAATGTGCCAGCCAGTCGGGCATGACCGCATATGGCACGA","xxxxxxxxxxxxTGCCAGCCAGTCGcGCATGACCGCATATGxxxxxx","9.0","20.0","29.0","27.39207745074197","55.87779062790895","51.21063075634135","52.80005257281158","-4.667159871567605","6.0","12.0","18.0","66.66666666666667","60.0","62.06896551724138","-54.0","-35.8","-7.2","0.0","-24.3","24.52681922912598","4.348871231079102"
"CACCAACAAATGTGCCAGCCAGTCGGGCATGACCGCATATGGCACGA","xxxxxxxxxxTGTGCCAGCCAGTCGcGCATGxxxxxxxxxxxxxxxx","11.0","10.0","21.0","36.17582240277591","30.62105527376872","20.58270210788578","28.23040354281898","-10.03835316588294","7.0","7.0","14.0","63.63636363636363","70.0","66.66666666666667","-56.5","-33.7","-3.1","0.0","-24.3","24.52681922912598","9.29588508605957"
"CACCAACAAATGTGCCAGCCAGTCGGGCATGACCGCATATGGCACGA","xxxxxxxxxxTGTGCCAGCCAGTCGcGCATGACxxxxxxxxxxxxxx","11.0","12.0","23.0","36.17582240277591","38.55364189711969","30.36331514356181","37.21921941435107","-8.190326753557883","7.0","8.0","15.0","63.63636363636363","66.66666666666667","65.21739130434783","-51.4","-30.0","-5.9","0.0","-24.3","24.52681922912598","9.31511116027832"
"CACCAACAAATGTGCCAGCCAGTCGGGCATGACCGCATATGGCACGA","xxxxxxxxxxTGTGCCAGCCAGTCGcGCATGACCGCxxxxxxxxxxx","11.0","15.0","26.0","36.17582240277591","52.10308769372261","45.90673264041669","50.18909256062261","-6.196355053305922","7.0","11.0","18.0","63.63636363636363","73.33333333333333","69.23076923076923","-55.7","-32.6","-5.8","0.0","-24.3","24.52681922912598","7.533927440643311"
"CACCAACAAATGTGCCAGCCAGTCGGGCATGACCGCATATGGCACGA","xxxxxxxxxxTGTGCCAGCCAGTCGcGCATGACCGCATATGxxxxxx","11.0","20.0","31.0","36.17582240277591","55.87779062790895","51.21063075634135","52.80005257281158","-4.667159871567605","7.0","12.0","19.0","63.63636363636363","60.0","61.29032258064516","-59.6","-35.8","-6.3","0.0","-24.3","24.52681922912598","4.129914283752441"
"CACCAACAAATGTGCCAGCCAGTCGGGCATGACCGCATATGGCACGA","xxxxxxxxAATGTGCCAGCCAGTCGcGCATGxxxxxxxxxxxxxxxx","13.0","10.0","23.0","39.92328725655085","30.62105527376872","20.58270210788578","28.23040354281898","-10.03835316588294","7.0","7.0","14.0","53.84615384615385","70.0","60.8695652173913","-56.5","-33.7","-3.1","0.0","-24.3","24.52681922912598","8.03139877319336"
"CACCAACAAATGTGCCAGCCAGTCGGGCATGACCGCATATGGCACGA","xxxxxxxxAATGTGCCAGCCAGTCGcGCATGACxxxxxxxxxxxxxx","13.0","12.0","25.0","39.92328725655085","38.55364189711969","30.36331514356181","37.21921941435107","-8.190326753557883","7.0","8.0","15.0","53.84615384615385","66.66666666666667","60.0","-51.4","-30.0","-5.9","0.0","-24.3","24.52681922912598","8.417980194091797"
"CACCAACAAATGTGCCAGCCAGTCGGGCATGACCGCATATGGCACGA","xxxxxxxxAATGTGCCAGCCAGTCGcGCATGACCGCxxxxxxxxxxx","13.0","15.0","28.0","39.92328725655085","52.10308769372261","45.90673264041669","50.18909256062261","-6.196355053305922","7.0","11.0","18.0","53.84615384615385","73.33333333333333","64.28571428571429","-55.7","-32.6","-5.8","0.0","-24.3","24.52681922912598","6.705125331878662"
"CACCAACAAATGTGCCAGCCAGTCGGGCATGACCGCATATGGCACGA","xxxxxxxxAATGTGCCAGCCAGTCGcGCATGACCGCATATGxxxxxx","13.0","20.0","33.0","39.92328725655085","55.87779062790895","51.21063075634135","52.80005257281158","-4.667159871567605","7.0","12.0","19.0","53.84615384615385","60.0","57.57575757575758","-59.6","-35.8","-6.3","0.0","-24.3","24.52681922912598","3.482849836349487"
"CACCAACAAATGTGCCAGCCAGTCGGGCATGACCGCATATGGCACGA","xxxxxxCAAATGTGCCAGCCAGTCGcGCATGxxxxxxxxxxxxxxxx","15.0","10.0","25.0","42.74157073205782","30.62105527376872","20.58270210788578","28.23040354281898","-10.03835316588294","8.0","7.0","15.0","53.33333333333334","70.0","60.0","-61.6","-33.7","-3.1","0.0","-24.3","24.52681922912598","6.86178731918335"
"CACCAACAAATGTGCCAGCCAGTCGGGCATGACCGCATATGGCACGA","xxxxxxCAAATGTGCCAGCCAGTCGcGCATGACxxxxxxxxxxxxxx","15.0","12.0","27.0","42.74157073205782","38.55364189711969","30.36331514356181","37.21921941435107","-8.190326753557883","8.0","8.0","16.0","53.33333333333334","66.66666666666667","59.25925925925926","-56.5","-30.0","-5.9","0.0","-24.3","24.52681922912598","7.335923194885254"
"CACCAACAAATGTGCCAGCCAGTCGGGCATGACCGCATATGGCACGA","xxxxxxCAAATGTGCCAGCCAGTCGcGCATGACCGCxxxxxxxxxxx","15.0","15.0","30.0","42.74157073205782","52.10308769372261","45.90673264041669","50.18909256062261","-6.196355053305922","8.0","11.0","19.0","53.33333333333334","73.33333333333333","63.33333333333334","-60.8","-32.6","-5.8","0.0","-24.3","24.52681922912598","5.774567127227783"
"CACCAACAAATGTGCCAGCCAGTCGGGCATGACCGCATATGGCACGA","xxxxxxCAAATGTGCCAGCCAGTCGcGCATGACCGCATATGxxxxxx","15.0","20.0","35.0","42.74157073205782","55.87779062790895","51.21063075634135","52.80005257281158","-4.667159871567605","8.0","12.0","20.0","53.33333333333334","60.0","57.14285714285715","-64.7","-35.8","-7.5","0.0","-24.3","24.52681922912598","2.751306772232056"
"CACCAACAAATGTGCCAGCCAGTCGGGCATGACCGCATATGGCACGA","xxxxAACAAATGTGCCAGCCAGTCGcGCATGxxxxxxxxxxxxxxxx","17.0","10.0","27.0","47.97474305408605","30.62105527376872","20.58270210788578","28.23040354281898","-10.03835316588294","8.0","7.0","15.0","47.05882352941177","70.0","55.55555555555556","-61.6","-33.7","-3.1","0.0","-24.3","24.52681922912598","5.541939258575439"
"CACCAACAAATGTGCCAGCCAGTCGGGCATGACCGCATATGGCACGA","xxxxAACAAATGTGCCAGCCAGTCGcGCATGACxxxxxxxxxxxxxx","17.0","12.0","29.0","47.97474305408605","38.55364189711969","30.36331514356181","37.21921941435107","-8.190326753557883","8.0","8.0","16.0","47.05882352941177","66.66666666666667","55.17241379310344","-56.5","-30.0","-5.9","0.0","-24.3","24.52681922912598","6.523277759552002"
"CACCAACAAATGTGCCAGCCAGTCGGGCATGACCGCATATGGCACGA","xxxxAACAAATGTGCCAGCCAGTCGcGCATGACCGCxxxxxxxxxxx","17.0","15.0","32.0","47.97474305408605","52.10308769372261","45.90673264041669","50.18909256062261","-6.196355053305922","8.0","11.0","19.0","47.05882352941177","73.33333333333333","59.375","-60.8","-32.6","-5.8","0.0","-24.3","24.52681922912598","4.806253433227539"
"CACCAACAAATGTGCCAGCCAGTCGGGCATGACCGCATATGGCACGA","xxxxAACAAATGTGCCAGCCAGTCGcGCATGACCGCATATGxxxxxx","17.0","20.0","37.0","47.97474305408605","55.87779062790895","51.21063075634135","52.80005257281158","-4.667159871567605","8.0","12.0","20.0","47.05882352941177","60.0","54.05405405405406","-64.7","-35.8","-7.5","0.0","-24.3","24.52681922912598","2.005568265914917"
