TCCTGTCCAAGTATGACCCGCAGAAGGAGGCAGAGCTCCGAAGCTGG,AAGTATGACCCGC,tGAAGGAGGCAGAGCTCCGA,AAGTATGACCCGCtGAAGGAGGCAGAGCTCCGA,13,20,33,38.72190987774269,56.535876815756694,55.782666629270295,62.32941668192103,-0.7532101864863989,7,12,19,53.84615384615385,60.0,57.57575757575758,-49.4,-27.7,-4.6,-0.2,-22.0
TCCTGTCCAAGTATGACCCGCAGAAGGAGGCAGAGCTCCGAAGCTGG,AAGTATGACCCGC,AcAAGGAGGCAGAGCTCCGA,AAGTATGACCCGCAcAAGGAGGCAGAGCTCCGA,13,20,33,38.72190987774269,56.535876815756694,47.05059761053229,62.68285886752051,-9.485279205224401,7,12,19,53.84615384615385,60.0,57.57575757575758,-50.7,-27.7,-5.0,-0.2,-22.0
TCCTGTCCAAGTATGACCCGCAGAAGGAGGCAGAGCTCCGAAGCTGG,AAGTATGACCCGC,AGtAGGAGGCAGAGCTCCGA,AAGTATGACCCGCAGtAGGAGGCAGAGCTCCGA,13,20,33,38.72190987774269,56.535876815756694,50.226136524748824,61.31173971282885,-6.30974029100787,7,12,19,53.84615384615385,60.0,57.57575757575758,-52.7,-27.7,-4.5,-0.2,-22.0
TCCTGTCCAAGTATGACCCGCAGAAGGAGGCAGAGCTCCGAAGCTGG,AAGTATGACCCGC,AGAtGGAGGCAGAGCTCCGA,AAGTATGACCCGCAGAtGGAGGCAGAGCTCCGA,13,20,33,38.72190987774269,56.535876815756694,50.91865469456371,61.98633574194338,-5.617222121192981,7,12,19,53.84615384615385,60.0,57.57575757575758,-54.3,-27.8,-4.8,-0.2,-22.0
TCCTGTCCAAGTATGACCCGCAGAAGGAGGCAGAGCTCCGAAGCTGG,AAGTATGACCCGC,AGAAGcAGGCAGAGCTCCGA,AAGTATGACCCGCAGAAGcAGGCAGAGCTCCGA,13,20,33,38.72190987774269,56.535876815756694,47.31731283537056,61.88359889539561,-9.218563980386136,7,12,19,53.84615384615385,60.0,57.57575757575758,-54.9,-31.5,-10.2,-0.2,-22.0
TCCTGTCCAAGTATGACCCGCAGAAGGAGGCAGAGCTCCGAAGCTGG,AAGTATGACCCGC,AGAAGGtGGCAGAGCTCCGA,AAGTATGACCCGCAGAAGGtGGCAGAGCTCCGA,13,20,33,38.72190987774269,56.535876815756694,50.86896755071996,61.50193965230886,-5.666909265036736,7,12,19,53.84615384615385,60.0,57.57575757575758,-53.7,-28.2,-4.4,-0.2,-22.0
TCCTGTCCAAGTATGACCCGCAGAAGGAGGCAGAGCTCCGAAGCTGG,AAGTATGACCCGC,AGAAGGAcGCAGAGCTCCGA,AAGTATGACCCGCAGAAGGAcGCAGAGCTCCGA,13,20,33,38.72190987774269,56.535876815756694,45.92253216212822,60.92032917780722,-10.613344653628474,7,12,19,53.84615384615385,60.0,57.57575757575758,-52.1,-26.3,-5.4,-0.2,-22.0
TCCTGTCCAAGTATGACCCGCAGAAGGAGGCAGAGCTCCGAAGCTGG,AAGTATGACCCGC,AGAAGGAGcCAGAGCTCCGA,AAGTATGACCCGCAGAAGGAGcCAGAGCTCCGA,13,20,33,38.72190987774269,56.535876815756694,45.34286292355313,61.837438978725686,-11.193013892203567,7,12,19,53.84615384615385,60.0,57.57575757575758,-55.2,-30.2,-8.0,-0.2,-22.0
TCCTGTCCAAGTATGACCCGCAGAAGGAGGCAGAGCTCCGAAGCTGG,AAGTATGACCCGC,AGAAGGAGGCtGAGCTCCGA,AAGTATGACCCGCAGAAGGAGGCtGAGCTCCGA,13,20,33,38.72190987774269,56.535876815756694,51.4505397558641,62.62961440779179,-5.085337059892595,7,12,19,53.84615384615385,60.0,57.57575757575758,-56.3,-29.5,-4.5,-0.2,-22.0
TCCTGTCCAAGTATGACCCGCAGAAGGAGGCAGAGCTCCGAAGCTGG,AAGTATGACCCGC,AGAAGGAGGCAGAcCTCCGA,AAGTATGACCCGCAGAAGGAGGCAGAcCTCCGA,13,20,33,38.72190987774269,56.535876815756694,45.13736131841,62.64772365591426,-11.398515497346693,7,12,19,53.84615384615385,60.0,57.57575757575758,-55.2,-30.2,-8.0,-0.2,-22.0
TGTCCAAGTATGACCCGCAGAAGGAGGCAGAGCTCCGAAGCTGGATC,TATGACCCGCAGA,tGGAGGCAGAGCTCCGAAGC,TATGACCCGCAGAtGGAGGCAGAGCTCCGAAGC,13,20,33,39.076173722079886,58.217648626224275,57.49359929030413,64.9144577640539,-0.7240493359201423,7,13,20,53.84615384615385,65.0,60.60606060606061,-55.7,-27.3,-6.1,-0.5,-21.6
TGTCCAAGTATGACCCGCAGAAGGAGGCAGAGCTCCGAAGCTGGATC,TATGACCCGCAGA,AcGAGGCAGAGCTCCGAAGC,TATGACCCGCAGAAcGAGGCAGAGCTCCGAAGC,13,20,33,39.076173722079886,58.217648626224275,47.93111514298329,63.52019828157211,-10.286533483240987,7,13,20,53.84615384615385,65.0,60.60606060606061,-55.9,-28.0,-7.3,-0.5,-21.6
TGTCCAAGTATGACCCGCAGAAGGAGGCAGAGCTCCGAAGCTGGATC,TATGACCCGCAGA,AGcAGGCAGAGCTCCGAAGC,TATGACCCGCAGAAGcAGGCAGAGCTCCGAAGC,13,20,33,39.076173722079886,58.217648626224275,49.482274497532444,64.5091402752592,-8.73537412869183,7,13,20,53.84615384615385,65.0,60.60606060606061,-56.9,-32.7,-10.5,-0.5,-21.6
TGTCCAAGTATGACCCGCAGAAGGAGGCAGAGCTCCGAAGCTGGATC,TATGACCCGCAGA,AGGtGGCAGAGCTCCGAAGC,TATGACCCGCAGAAGGtGGCAGAGCTCCGAAGC,13,20,33,39.076173722079886,58.217648626224275,52.73366026595738,64.05162689491135,-5.483988360266892,7,13,20,53.84615384615385,65.0,60.60606060606061,-60.0,-27.7,-5.3,-0.5,-21.6
TGTCCAAGTATGACCCGCAGAAGGAGGCAGAGCTCCGAAGCTGGATC,TATGACCCGCAGA,AGGAGcCAGAGCTCCGAAGC,TATGACCCGCAGAAGGAGcCAGAGCTCCGAAGC,13,20,33,39.076173722079886,58.217648626224275,47.523527425162285,64.49841533558555,-10.69412120106199,7,13,20,53.84615384615385,65.0,60.60606060606061,-60.7,-30.0,-9.6,-0.5,-21.6
TGTCCAAGTATGACCCGCAGAAGGAGGCAGAGCTCCGAAGCTGGATC,TATGACCCGCAGA,AGGAGGgAGAGCTCCGAAGC,TATGACCCGCAGAAGGAGGgAGAGCTCCGAAGC,13,20,33,39.076173722079886,58.217648626224275,52.91870527327279,66.75026924680714,-5.298943352951483,7,13,20,53.84615384615385,65.0,60.60606060606061,-58.8,-26.5,-6.1,-0.5,-21.6
TGTCCAAGTATGACCCGCAGAAGGAGGCAGAGCTCCGAAGCTGGATC,TATGACCCGCAGA,AGGAGGCtGAGCTCCGAAGC,TATGACCCGCAGAAGGAGGCtGAGCTCCGAAGC,13,20,33,39.076173722079886,58.217648626224275,53.27605554772617,65.24598964370989,-4.9415930784981015,7,13,20,53.84615384615385,65.0,60.60606060606061,-61.7,-29.0,-6.1,-0.5,-21.6
TGTCCAAGTATGACCCGCAGAAGGAGGCAGAGCTCCGAAGCTGGATC,TATGACCCGCAGA,AGGAGGCAcAGCTCCGAAGC,TATGACCCGCAGAAGGAGGCAcAGCTCCGAAGC,13,20,33,39.076173722079886,58.217648626224275,49.15850609120969,65.28356308186119,-9.059142535014587,7,13,20,53.84615384615385,65.0,60.60606060606061,-61.4,-28.7,-6.4,-0.5,-21.6
TGTCCAAGTATGACCCGCAGAAGGAGGCAGAGCTCCGAAGCTGGATC,TATGACCCGCAGA,AGGAGGCAGAcCTCCGAAGC,TATGACCCGCAGAAGGAGGCAGAcCTCCGAAGC,13,20,33,39.076173722079886,58.217648626224275,47.2599244077922,65.28319190767087,-10.957724218432077,7,13,20,53.84615384615385,65.0,60.60606060606061,-59.0,-30.0,-9.6,-0.5,-21.6
TGTCCAAGTATGACCCGCAGAAGGAGGCAGAGCTCCGAAGCTGGATC,TATGACCCGCAGA,AGGAGGCAGAGCTgCGAAGC,TATGACCCGCAGAAGGAGGCAGAGCTgCGAAGC,13,20,33,39.076173722079886,58.217648626224275,53.972444461972486,67.05714489783588,-4.245204164251788,7,13,20,53.84615384615385,65.0,60.60606060606061,-59.6,-26.4,-6.3,-0.5,-21.6
CAGAAGGAGGCAGAGCTCCGAAGCTGGATCGAGGGACTCACCGGGCT,GGCAGAGCTCCGA,tGCTGGATCGAGGGACTCAC,GGCAGAGCTCCGAtGCTGGATCGAGGGACTCAC,13,20,33,46.657299588233286,55.17339304532368,54.41822752128263,60.84489815888617,-0.7551655240410469,9,12,21,69.23076923076923,60.0,63.63636363636363,-52.5,-28.8,-6.3,-6.2,-23.6
CAGAAGGAGGCAGAGCTCCGAAGCTGGATCGAGGGACTCACCGGGCT,GGCAGAGCTCCGA,AcCTGGATCGAGGGACTCAC,GGCAGAGCTCCGAAcCTGGATCGAGGGACTCAC,13,20,33,46.657299588233286,55.17339304532368,43.78122292718325,61.129633973496595,-11.392170118140427,9,12,21,69.23076923076923,60.0,63.63636363636363,-52.6,-30.4,-6.0,-6.2,-23.6
CAGAAGGAGGCAGAGCTCCGAAGCTGGATCGAGGGACTCACCGGGCT,GGCAGAGCTCCGA,AGgTGGATCGAGGGACTCAC,GGCAGAGCTCCGAAGgTGGATCGAGGGACTCAC,13,20,33,46.657299588233286,55.17339304532368,50.973922866057535,61.544015515837316,-4.199470179266143,9,12,21,69.23076923076923,60.0,63.63636363636363,-55.3,-31.5,-6.0,-6.2,-23.6
CAGAAGGAGGCAGAGCTCCGAAGCTGGATCGAGGGACTCACCGGGCT,GGCAGAGCTCCGA,AGCaGGATCGAGGGACTCAC,GGCAGAGCTCCGAAGCaGGATCGAGGGACTCAC,13,20,33,46.657299588233286,55.17339304532368,48.520093598239555,61.920139347747465,-6.653299447084123,9,12,21,69.23076923076923,60.0,63.63636363636363,-56.8,-28.8,-6.0,-6.2,-23.6
CAGAAGGAGGCAGAGCTCCGAAGCTGGATCGAGGGACTCACCGGGCT,GGCAGAGCTCCGA,AGCTGcATCGAGGGACTCAC,GGCAGAGCTCCGAAGCTGcATCGAGGGACTCAC,13,20,33,46.657299588233286,55.17339304532368,45.869272908498885,60.38245061624923,-9.304120136824793,9,12,21,69.23076923076923,60.0,63.63636363636363,-56.7,-29.4,-6.0,-6.2,-23.6
CAGAAGGAGGCAGAGCTCCGAAGCTGGATCGAGGGACTCACCGGGCT,GGCAGAGCTCCGA,AGCTGGtTCGAGGGACTCAC,GGCAGAGCTCCGAAGCTGGtTCGAGGGACTCAC,13,20,33,46.657299588233286,55.17339304532368,48.90318751875833,58.826896449347544,-6.2702055265653485,9,12,21,69.23076923076923,60.0,63.63636363636363,-56.7,-28.8,-6.2,-6.2,-23.6
CAGAAGGAGGCAGAGCTCCGAAGCTGGATCGAGGGACTCACCGGGCT,GGCAGAGCTCCGA,AGCTGGAaCGAGGGACTCAC,GGCAGAGCTCCGAAGCTGGAaCGAGGGACTCAC,13,20,33,46.657299588233286,55.17339304532368,49.75847366732273,63.6236125205088,-5.4149193780009455,9,12,21,69.23076923076923,60.0,63.63636363636363,-56.5,-29.9,-6.9,-6.2,-23.6
CAGAAGGAGGCAGAGCTCCGAAGCTGGATCGAGGGACTCACCGGGCT,GGCAGAGCTCCGA,AGCTGGATgGAGGGACTCAC,GGCAGAGCTCCGAAGCTGGATgGAGGGACTCAC,13,20,33,46.657299588233286,55.17339304532368,47.995980196835376,64.69847698524518,-7.177412848488302,9,12,21,69.23076923076923,60.0,63.63636363636363,-56.0,-28.1,-5.3,-6.2,-23.6
CAGAAGGAGGCAGAGCTCCGAAGCTGGATCGAGGGACTCACCGGGCT,GGCAGAGCTCCGA,AGCTGGATCGtGGGACTCAC,GGCAGAGCTCCGAAGCTGGATCGtGGGACTCAC,13,20,33,46.657299588233286,55.17339304532368,49.526866303299414,60.04946063296222,-5.646526742024264,9,12,21,69.23076923076923,60.0,63.63636363636363,-57.5,-30.5,-5.3,-6.2,-23.6
CAGAAGGAGGCAGAGCTCCGAAGCTGGATCGAGGGACTCACCGGGCT,GGCAGAGCTCCGA,AGCTGGATCGAGGcACTCAC,GGCAGAGCTCCGAAGCTGGATCGAGGcACTCAC,13,20,33,46.657299588233286,55.17339304532368,45.86927290849894,60.38245061624929,-9.304120136824736,9,12,21,69.23076923076923,60.0,63.63636363636363,-58.5,-28.8,-6.8,-6.2,-23.6
AGGCAGAGCTCCGAAGCTGGATCGAGGGACTCACCGGGCTCTCCGTC,CTCCGAAGCTGGA,aCGAGGGACTCACCGGGCTC,CTCCGAAGCTGGAaCGAGGGACTCACCGGGCTC,13,20,33,40.832348835108235,59.689459248295066,59.05939222246428,66.44067710657612,-0.6300670258307832,8,14,22,61.53846153846154,70.0,66.66666666666667,-53.2,-26.9,-5.5,-2.9,-26.6
AGGCAGAGCTCCGAAGCTGGATCGAGGGACTCACCGGGCTCTCCGTC,CTCCGAAGCTGGA,TgGAGGGACTCACCGGGCTC,CTCCGAAGCTGGATgGAGGGACTCACCGGGCTC,13,20,33,40.832348835108235,59.689459248295066,52.948374687097896,67.76909147736933,-6.7410845611971695,8,14,22,61.53846153846154,70.0,66.66666666666667,-51.6,-27.3,-6.0,-2.9,-26.6
AGGCAGAGCTCCGAAGCTGGATCGAGGGACTCACCGGGCTCTCCGTC,CTCCGAAGCTGGA,TCcAGGGACTCACCGGGCTC,CTCCGAAGCTGGATCcAGGGACTCACCGGGCTC,13,20,33,40.832348835108235,59.689459248295066,50.347578925624816,65.36164910660284,-9.34188032267025,8,14,22,61.53846153846154,70.0,66.66666666666667,-55.2,-25.9,-6.6,-2.9,-26.6
AGGCAGAGCTCCGAAGCTGGATCGAGGGACTCACCGGGCTCTCCGTC,CTCCGAAGCTGGA,TCGtGGGACTCACCGGGCTC,CTCCGAAGCTGGATCGtGGGACTCACCGGGCTC,13,20,33,40.832348835108235,59.689459248295066,54.26671511935905,63.29743304369134,-5.422744128936017,8,14,22,61.53846153846154,70.0,66.66666666666667,-57.6,-24.9,-6.7,-2.9,-26.6
AGGCAGAGCTCCGAAGCTGGATCGAGGGACTCACCGGGCTCTCCGTC,CTCCGAAGCTGGA,TCGAGcGACTCACCGGGCTC,CTCCGAAGCTGGATCGAGcGACTCACCGGGCTC,13,20,33,40.832348835108235,59.689459248295066,49.813586509649895,62.057274341550794,-9.875872738645171,8,14,22,61.53846153846154,70.0,66.66666666666667,-57.9,-28.0,-7.1,-2.9,-26.6
AGGCAGAGCTCCGAAGCTGGATCGAGGGACTCACCGGGCTCTCCGTC,CTCCGAAGCTGGA,TCGAGGcACTCACCGGGCTC,CTCCGAAGCTGGATCGAGGcACTCACCGGGCTC,13,20,33,40.832348835108235,59.689459248295066,51.19710055788374,63.701052618927235,-8.492358690411322,8,14,22,61.53846153846154,70.0,66.66666666666667,-60.1,-27.5,-6.1,-2.9,-26.6
AGGCAGAGCTCCGAAGCTGGATCGAGGGACTCACCGGGCTCTCCGTC,CTCCGAAGCTGGA,TCGAGGGtCTCACCGGGCTC,CTCCGAAGCTGGATCGAGGGtCTCACCGGGCTC,13,20,33,40.832348835108235,59.689459248295066,53.108324093530484,62.35795566333047,-6.581135154764581,8,14,22,61.53846153846154,70.0,66.66666666666667,-57.0,-26.6,-5.5,-2.9,-26.6
AGGCAGAGCTCCGAAGCTGGATCGAGGGACTCACCGGGCTCTCCGTC,CTCCGAAGCTGGA,TCGAGGGAgTCACCGGGCTC,CTCCGAAGCTGGATCGAGGGAgTCACCGGGCTC,13,20,33,40.832348835108235,59.689459248295066,55.52567874245989,63.969022636268164,-4.163780505835177,8,14,22,61.53846153846154,70.0,66.66666666666667,-56.6,-26.4,-5.7,-2.9,-26.6
AGGCAGAGCTCCGAAGCTGGATCGAGGGACTCACCGGGCTCTCCGTC,CTCCGAAGCTGGA,TCGAGGGACTgACCGGGCTC,CTCCGAAGCTGGATCGAGGGACTgACCGGGCTC,13,20,33,40.832348835108235,59.689459248295066,53.64687134822793,66.08170947900044,-6.042587900067133,8,14,22,61.53846153846154,70.0,66.66666666666667,-58.9,-27.6,-6.3,-2.9,-26.6
AGGCAGAGCTCCGAAGCTGGATCGAGGGACTCACCGGGCTCTCCGTC,CTCCGAAGCTGGA,TCGAGGGACTCACgGGGCTC,CTCCGAAGCTGGATCGAGGGACTCACgGGGCTC,13,20,33,40.832348835108235,59.689459248295066,52.483806236919236,65.78627493615215,-7.20565301137583,8,14,22,61.53846153846154,70.0,66.66666666666667,-55.4,-25.3,-6.6,-2.9,-26.6
GGCAGAGCTCCGAAGCTGGATCGAGGGACTCACCGGGCTCTCCGTCG,TCCGAAGCTGGAT,gGAGGGACTCACCGGGCTCT,TCCGAAGCTGGATgGAGGGACTCACCGGGCTCT,13,20,33,40.77725455748498,59.6882100006718,57.69838211028656,66.92473357078217,-1.9898278903852429,7,14,21,53.84615384615385,70.0,63.63636363636363,-47.0,-28.4,-6.6,-2.9,-26.7
GGCAGAGCTCCGAAGCTGGATCGAGGGACTCACCGGGCTCTCCGTCG,TCCGAAGCTGGAT,CcAGGGACTCACCGGGCTCT,TCCGAAGCTGGATCcAGGGACTCACCGGGCTCT,13,20,33,40.77725455748498,59.6882100006718,50.31919322858647,64.36385403672517,-9.369016772085331,7,14,21,53.84615384615385,70.0,63.63636363636363,-49.6,-27.3,-6.8,-2.9,-26.7
GGCAGAGCTCCGAAGCTGGATCGAGGGACTCACCGGGCTCTCCGTCG,TCCGAAGCTGGAT,CGtGGGACTCACCGGGCTCT,TCCGAAGCTGGATCGtGGGACTCACCGGGCTCT,13,20,33,40.77725455748498,59.6882100006718,54.25112471728437,62.33217352706146,-5.437085283387432,7,14,21,53.84615384615385,70.0,63.63636363636363,-50.4,-26.9,-6.0,-2.9,-26.7
GGCAGAGCTCCGAAGCTGGATCGAGGGACTCACCGGGCTCTCCGTCG,TCCGAAGCTGGAT,CGAcGGACTCACCGGGCTCT,TCCGAAGCTGGATCGAcGGACTCACCGGGCTCT,13,20,33,40.77725455748498,59.6882100006718,49.47074703142039,61.805808219494565,-10.217462969251415,7,14,21,53.84615384615385,70.0,63.63636363636363,-53.4,-27.4,-6.9,-2.9,-26.7
GGCAGAGCTCCGAAGCTGGATCGAGGGACTCACCGGGCTCTCCGTCG,TCCGAAGCTGGAT,CGAGGcACTCACCGGGCTCT,TCCGAAGCTGGATCGAGGcACTCACCGGGCTCT,13,20,33,40.77725455748498,59.6882100006718,51.170605826448934,62.710403645877705,-8.517604174222868,7,14,21,53.84615384615385,70.0,63.63636363636363,-53.5,-29.5,-6.2,-2.9,-26.7
GGCAGAGCTCCGAAGCTGGATCGAGGGACTCACCGGGCTCTCCGTCG,TCCGAAGCTGGAT,CGAGGGtCTCACCGGGCTCT,TCCGAAGCTGGATCGAGGGtCTCACCGGGCTCT,13,20,33,40.77725455748498,59.6882100006718,53.089313967292696,61.397251047909435,-6.598896033379106,7,14,21,53.84615384615385,70.0,63.63636363636363,-52.5,-27.7,-6.6,-2.9,-26.7
GGCAGAGCTCCGAAGCTGGATCGAGGGACTCACCGGGCTCTCCGTCG,TCCGAAGCTGGAT,CGAGGGAgTCACCGGGCTCT,TCCGAAGCTGGATCGAGGGAgTCACCGGGCTCT,13,20,33,40.77725455748498,59.6882100006718,55.51325845901471,63.007903988760006,-4.174951541657094,7,14,21,53.84615384615385,70.0,63.63636363636363,-52.4,-25.9,-6.2,-2.9,-26.7
GGCAGAGCTCCGAAGCTGGATCGAGGGACTCACCGGGCTCTCCGTCG,TCCGAAGCTGGAT,CGAGGGACaCACCGGGCTCT,TCCGAAGCTGGATCGAGGGACaCACCGGGCTCT,13,20,33,40.77725455748498,59.6882100006718,54.115213006463705,65.13270746247127,-5.572996994208097,7,14,21,53.84615384615385,70.0,63.63636363636363,-52.2,-26.1,-6.2,-2.9,-26.7
GGCAGAGCTCCGAAGCTGGATCGAGGGACTCACCGGGCTCTCCGTCG,TCCGAAGCTGGAT,CGAGGGACTCtCCGGGCTCT,TCCGAAGCTGGATCGAGGGACTCtCCGGGCTCT,13,20,33,40.77725455748498,59.6882100006718,53.638258117238934,62.43011629045151,-6.049951883432868,7,14,21,53.84615384615385,70.0,63.63636363636363,-55.3,-29.2,-6.9,-2.9,-26.7
GGCAGAGCTCCGAAGCTGGATCGAGGGACTCACCGGGCTCTCCGTCG,TCCGAAGCTGGAT,CGAGGGACTCACCcGGCTCT,TCCGAAGCTGGATCGAGGGACTCACCcGGCTCT,13,20,33,40.77725455748498,59.6882100006718,49.010961397454764,62.67792098550723,-10.677248603217038,7,14,21,53.84615384615385,70.0,63.63636363636363,-55.3,-31.9,-10.1,-2.9,-26.7
CCGAAGCTGGATCGAGGGACTCACCGGGCTCTCCGTCGGCCCCGACT,GGATCGAGGGACT,gACCGGGCTCTCCGTCGGCC,GGATCGAGGGACTgACCGGGCTCTCCGTCGGCC,13,20,33,46.12984619185022,63.932331189732906,62.5274083980309,64.7262306021978,-1.4049227917020062,8,16,24,61.53846153846154,80.0,72.72727272727273,-55.9,-32.3,-7.6,-1.1,-24.6
CCGAAGCTGGATCGAGGGACTCACCGGGCTCTCCGTCGGCCCCGACT,GGATCGAGGGACT,CtCCGGGCTCTCCGTCGGCC,GGATCGAGGGACTCtCCGGGCTCTCCGTCGGCC,13,20,33,46.12984619185022,63.932331189732906,58.25571629033806,62.15471227049005,-5.676614899394849,8,16,24,61.53846153846154,80.0,72.72727272727273,-57.9,-33.1,-7.5,-1.1,-24.6
CCGAAGCTGGATCGAGGGACTCACCGGGCTCTCCGTCGGCCCCGACT,GGATCGAGGGACT,CAgCGGGCTCTCCGTCGGCC,GGATCGAGGGACTCAgCGGGCTCTCCGTCGGCC,13,20,33,46.12984619185022,63.932331189732906,60.60411906333138,63.716831347694836,-3.3282121264015245,8,16,24,61.53846153846154,80.0,72.72727272727273,-58.7,-30.9,-6.0,-1.1,-24.6
CCGAAGCTGGATCGAGGGACTCACCGGGCTCTCCGTCGGCCCCGACT,GGATCGAGGGACT,CACgGGGCTCTCCGTCGGCC,GGATCGAGGGACTCACgGGGCTCTCCGTCGGCC,13,20,33,46.12984619185022,63.932331189732906,57.0733828136012,64.38616471052234,-6.858948376131707,8,16,24,61.53846153846154,80.0,72.72727272727273,-62.5,-30.7,-8.4,-1.1,-24.6
CCGAAGCTGGATCGAGGGACTCACCGGGCTCTCCGTCGGCCCCGACT,GGATCGAGGGACT,CACCGcGCTCTCCGTCGGCC,GGATCGAGGGACTCACCGcGCTCTCCGTCGGCC,13,20,33,46.12984619185022,63.932331189732906,54.737429941686855,60.88198536492291,-9.194901248046051,8,16,24,61.53846153846154,80.0,72.72727272727273,-59.6,-29.1,-7.6,-1.1,-24.6
CCGAAGCTGGATCGAGGGACTCACCGGGCTCTCCGTCGGCCCCGACT,GGATCGAGGGACT,CACCGGcCTCTCCGTCGGCC,GGATCGAGGGACTCACCGGcCTCTCCGTCGGCC,13,20,33,46.12984619185022,63.932331189732906,54.39624037297801,62.37821502409474,-9.536090816754893,8,16,24,61.53846153846154,80.0,72.72727272727273,-64.6,-34.1,-10.4,-1.1,-24.6
CCGAAGCTGGATCGAGGGACTCACCGGGCTCTCCGTCGGCCCCGACT,GGATCGAGGGACT,CACCGGGgTCTCCGTCGGCC,GGATCGAGGGACTCACCGGGgTCTCCGTCGGCC,13,20,33,46.12984619185022,63.932331189732906,60.251161573806996,63.36283613506396,-3.68116961592591,8,16,24,61.53846153846154,80.0,72.72727272727273,-57.8,-27.3,-8.2,-1.1,-24.6
CCGAAGCTGGATCGAGGGACTCACCGGGCTCTCCGTCGGCCCCGACT,GGATCGAGGGACT,CACCGGGCaCTCCGTCGGCC,GGATCGAGGGACTCACCGGGCaCTCCGTCGGCC,13,20,33,46.12984619185022,63.932331189732906,58.80135168220761,64.65877431392403,-5.130979507525296,8,16,24,61.53846153846154,80.0,72.72727272727273,-61.8,-31.3,-8.2,-1.1,-24.6
CCGAAGCTGGATCGAGGGACTCACCGGGCTCTCCGTCGGCCCCGACT,GGATCGAGGGACT,CACCGGGCTCaCCGTCGGCC,GGATCGAGGGACTCACCGGGCTCaCCGTCGGCC,13,20,33,46.12984619185022,63.932331189732906,58.80135168220767,64.65877431392403,-5.13097950752524,8,16,24,61.53846153846154,80.0,72.72727272727273,-60.0,-29.5,-5.6,-1.1,-24.6
CCGAAGCTGGATCGAGGGACTCACCGGGCTCTCCGTCGGCCCCGACT,GGATCGAGGGACT,CACCGGGCTCTCCcTCGGCC,GGATCGAGGGACTCACCGGGCTCTCCcTCGGCC,13,20,33,46.12984619185022,63.932331189732906,53.522160670066114,65.02022963181503,-10.410170519666792,8,16,24,61.53846153846154,80.0,72.72727272727273,-59.1,-31.8,-13.0,-1.1,-24.6
CGAAGCTGGATCGAGGGACTCACCGGGCTCTCCGTCGGCCCCGACTT,GATCGAGGGACTC,tCCGGGCTCTCCGTCGGCCC,GATCGAGGGACTCtCCGGGCTCTCCGTCGGCCC,13,20,33,42.10883678584935,65.12191787042525,63.8783175033621,64.10489302986639,-1.2436003670631521,8,16,24,61.53846153846154,80.0,72.72727272727273,-57.7,-31.6,-10.8,-1.1,-28.3
CGAAGCTGGATCGAGGGACTCACCGGGCTCTCCGTCGGCCCCGACTT,GATCGAGGGACTC,AgCGGGCTCTCCGTCGGCCC,GATCGAGGGACTCAgCGGGCTCTCCGTCGGCCC,13,20,33,42.10883678584935,65.12191787042525,61.76759497933551,65.94878973882783,-3.354322891089737,8,16,24,61.53846153846154,80.0,72.72727272727273,-56.2,-30.4,-9.3,-1.1,-28.3
CGAAGCTGGATCGAGGGACTCACCGGGCTCTCCGTCGGCCCCGACTT,GATCGAGGGACTC,ACgGGGCTCTCCGTCGGCCC,GATCGAGGGACTCACgGGGCTCTCCGTCGGCCC,13,20,33,42.10883678584935,65.12191787042525,58.16153535571476,66.60753784186693,-6.9603825147104885,8,16,24,61.53846153846154,80.0,72.72727272727273,-58.9,-30.2,-11.7,-1.1,-28.3
CGAAGCTGGATCGAGGGACTCACCGGGCTCTCCGTCGGCCCCGACTT,GATCGAGGGACTC,ACCcGGCTCTCCGTCGGCCC,GATCGAGGGACTCACCcGGCTCTCCGTCGGCCC,13,20,33,42.10883678584935,65.12191787042525,54.950557894162785,64.65838909400765,-10.171359976262465,8,16,24,61.53846153846154,80.0,72.72727272727273,-63.1,-33.7,-8.6,-1.1,-28.3
CGAAGCTGGATCGAGGGACTCACCGGGCTCTCCGTCGGCCCCGACTT,GATCGAGGGACTC,ACCGGcCTCTCCGTCGGCCC,GATCGAGGGACTCACCGGcCTCTCCGTCGGCCC,13,20,33,42.10883678584935,65.12191787042525,55.54113765945175,64.65838909400759,-9.5807802109735,8,16,24,61.53846153846154,80.0,72.72727272727273,-64.9,-33.4,-10.1,-1.1,-28.3
CGAAGCTGGATCGAGGGACTCACCGGGCTCTCCGTCGGCCCCGACTT,GATCGAGGGACTC,ACCGGGgTCTCCGTCGGCCC,GATCGAGGGACTCACCGGGgTCTCCGTCGGCCC,13,20,33,42.10883678584935,65.12191787042525,61.41503654349248,65.54867993263537,-3.7068813269327734,8,16,24,61.53846153846154,80.0,72.72727272727273,-58.1,-27.6,-9.4,-1.1,-28.3
CGAAGCTGGATCGAGGGACTCACCGGGCTCTCCGTCGGCCCCGACTT,GATCGAGGGACTC,ACCGGGCaCTCCGTCGGCCC,GATCGAGGGACTCACCGGGCaCTCCGTCGGCCC,13,20,33,42.10883678584935,65.12191787042525,59.9575062656412,66.93246805133163,-5.16441160478405,8,16,24,61.53846153846154,80.0,72.72727272727273,-62.4,-31.1,-9.8,-1.1,-28.3
CGAAGCTGGATCGAGGGACTCACCGGGCTCTCCGTCGGCCCCGACTT,GATCGAGGGACTC,ACCGGGCTgTCCGTCGGCCC,GATCGAGGGACTCACCGGGCTgTCCGTCGGCCC,13,20,33,42.10883678584935,65.12191787042525,60.85915163081569,65.8096418156536,-4.262766239609562,8,16,24,61.53846153846154,80.0,72.72727272727273,-66.0,-34.2,-9.4,-1.1,-28.3
CGAAGCTGGATCGAGGGACTCACCGGGCTCTCCGTCGGCCCCGACTT,GATCGAGGGACTC,ACCGGGCTCTgCGTCGGCCC,GATCGAGGGACTCACCGGGCTCTgCGTCGGCCC,13,20,33,42.10883678584935,65.12191787042525,61.367681485823596,66.88957136204994,-3.754236384601654,8,16,24,61.53846153846154,80.0,72.72727272727273,-60.2,-28.5,-9.8,-1.1,-28.3
CGAAGCTGGATCGAGGGACTCACCGGGCTCTCCGTCGGCCCCGACTT,GATCGAGGGACTC,ACCGGGCTCTCCGaCGGCCC,GATCGAGGGACTCACCGGGCTCTCCGaCGGCCC,13,20,33,42.10883678584935,65.12191787042525,59.95959585350937,68.08364517120049,-5.16232201691588,8,16,24,61.53846153846154,80.0,72.72727272727273,-60.2,-28.5,-10.7,-1.1,-28.3
CGAGGGACTCACCGGGCTCTCCGTCGGCCCCGACTTCCAGAAGGGCC,TCACCGGGCTCTC,gGTCGGCCCCGACTTCCAGA,TCACCGGGCTCTCgGTCGGCCCCGACTTCCAGA,13,20,33,45.94953746276434,60.595210858939026,58.671701288115344,59.37992474213752,-1.9235095708236827,9,14,23,69.23076923076923,70.0,69.6969696969697,-52.3,-29.9,-11.6,-2.5,-29.4
CGAGGGACTCACCGGGCTCTCCGTCGGCCCCGACTTCCAGAAGGGCC,TCACCGGGCTCTC,CcTCGGCCCCGACTTCCAGA,TCACCGGGCTCTCCcTCGGCCCCGACTTCCAGA,13,20,33,45.94953746276434,60.595210858939026,49.739800018387996,57.91925773329746,-10.85541084055103,9,14,23,69.23076923076923,70.0,69.6969696969697,-55.8,-31.2,-11.6,-2.5,-29.4
CGAGGGACTCACCGGGCTCTCCGTCGGCCCCGACTTCCAGAAGGGCC,TCACCGGGCTCTC,CGaCGGCCCCGACTTCCAGA,TCACCGGGCTCTCCGaCGGCCCCGACTTCCAGA,13,20,33,45.94953746276434,60.595210858939026,55.21792400333317,58.754892487181166,-5.37728685560586,9,14,23,69.23076923076923,70.0,69.6969696969697,-57.3,-31.8,-11.6,-2.5,-29.4
CGAGGGACTCACCGGGCTCTCCGTCGGCCCCGACTTCCAGAAGGGCC,TCACCGGGCTCTC,CGTgGGCCCCGACTTCCAGA,TCACCGGGCTCTCCGTgGGCCCCGACTTCCAGA,13,20,33,45.94953746276434,60.595210858939026,54.02512553674188,59.32704555537225,-6.570085322197144,9,14,23,69.23076923076923,70.0,69.6969696969697,-58.9,-32.9,-10.7,-2.5,-29.4
CGAGGGACTCACCGGGCTCTCCGTCGGCCCCGACTTCCAGAAGGGCC,TCACCGGGCTCTC,CGTCGcCCCCGACTTCCAGA,TCACCGGGCTCTCCGTCGcCCCCGACTTCCAGA,13,20,33,45.94953746276434,60.595210858939026,50.410853268330925,55.434276515375245,-10.184357590608101,9,14,23,69.23076923076923,70.0,69.6969696969697,-56.8,-34.4,-13.4,-2.5,-29.4
CGAGGGACTCACCGGGCTCTCCGTCGGCCCCGACTTCCAGAAGGGCC,TCACCGGGCTCTC,CGTCGGgCCCGACTTCCAGA,TCACCGGGCTCTCCGTCGGgCCCGACTTCCAGA,13,20,33,45.94953746276434,60.595210858939026,57.26666622117273,57.70360241579539,-3.3285446377662993,9,14,23,69.23076923076923,70.0,69.6969696969697,-58.1,-33.4,-10.6,-2.5,-29.4
CGAGGGACTCACCGGGCTCTCCGTCGGCCCCGACTTCCAGAAGGGCC,TCACCGGGCTCTC,CGTCGGCgCCGACTTCCAGA,TCACCGGGCTCTCCGTCGGCgCCGACTTCCAGA,13,20,33,45.94953746276434,60.595210858939026,55.95265114383619,56.29186430998567,-4.642559715102834,9,14,23,69.23076923076923,70.0,69.6969696969697,-56.9,-33.8,-7.8,-2.5,-29.4
CGAGGGACTCACCGGGCTCTCCGTCGGCCCCGACTTCCAGAAGGGCC,TCACCGGGCTCTC,CGTCGGCCgCGACTTCCAGA,TCACCGGGCTCTCCGTCGGCCgCGACTTCCAGA,13,20,33,45.94953746276434,60.595210858939026,55.95265114383625,56.29186430998567,-4.642559715102777,9,14,23,69.23076923076923,70.0,69.6969696969697,-56.9,-31.0,-11.3,-2.5,-29.4
CGAGGGACTCACCGGGCTCTCCGTCGGCCCCGACTTCCAGAAGGGCC,TCACCGGGCTCTC,CGTCGGCCCCcACTTCCAGA,TCACCGGGCTCTCCGTCGGCCCCcACTTCCAGA,13,20,33,45.94953746276434,60.595210858939026,51.51560718674432,57.00124608019837,-9.079603672194708,9,14,23,69.23076923076923,70.0,69.6969696969697,-58.7,-33.6,-9.2,-2.5,-29.4
CGAGGGACTCACCGGGCTCTCCGTCGGCCCCGACTTCCAGAAGGGCC,TCACCGGGCTCTC,CGTCGGCCCCGACaTCCAGA,TCACCGGGCTCTCCGTCGGCCCCGACaTCCAGA,13,20,33,45.94953746276434,60.595210858939026,55.1167607272655,58.06085468441978,-5.478450131673526,9,14,23,69.23076923076923,70.0,69.6969696969697,-61.2,-34.4,-9.8,-2.5,-29.4
TCTCCGTCGGCCCCGACTTCCAGAAGGGCCTGAAGGACGGGATTATC,GGCCCCGACTTCC,tGAAGGGCCTGAAGGACGGG,GGCCCCGACTTCCtGAAGGGCCTGAAGGACGGG,13,20,33,46.45790755808463,57.752668358199514,57.01088875956577,67.18790118810853,-0.741779598633741,10,13,23,76.92307692307692,65.0,69.6969696969697,-52.9,-32.7,-11.2,-4.6,-22.1
TCTCCGTCGGCCCCGACTTCCAGAAGGGCCTGAAGGACGGGATTATC,GGCCCCGACTTCC,AcAAGGGCCTGAAGGACGGG,GGCCCCGACTTCCAcAAGGGCCTGAAGGACGGG,13,20,33,46.45790755808463,57.752668358199514,48.439748153506514,67.55240252886733,-9.312920204693,10,13,23,76.92307692307692,65.0,69.6969696969697,-54.2,-33.2,-11.2,-4.6,-22.1
TCTCCGTCGGCCCCGACTTCCAGAAGGGCCTGAAGGACGGGATTATC,GGCCCCGACTTCC,AGtAGGGCCTGAAGGACGGG,GGCCCCGACTTCCAGtAGGGCCTGAAGGACGGG,13,20,33,46.45790755808463,57.752668358199514,51.54584833559471,66.18974926789815,-6.206820022604802,10,13,23,76.92307692307692,65.0,69.6969696969697,-56.2,-36.8,-13.8,-4.6,-22.1
TCTCCGTCGGCCCCGACTTCCAGAAGGGCCTGAAGGACGGGATTATC,GGCCCCGACTTCC,AGAtGGGCCTGAAGGACGGG,GGCCCCGACTTCCAGAtGGGCCTGAAGGACGGG,13,20,33,46.45790755808463,57.752668358199514,52.18529166416931,66.847006449231,-5.567376694030202,10,13,23,76.92307692307692,65.0,69.6969696969697,-57.8,-35.8,-12.8,-4.6,-22.1
TCTCCGTCGGCCCCGACTTCCAGAAGGGCCTGAAGGACGGGATTATC,GGCCCCGACTTCC,AGAAGcGCCTGAAGGACGGG,GGCCCCGACTTCCAGAAGcGCCTGAAGGACGGG,13,20,33,46.45790755808463,57.752668358199514,47.48588097315525,65.14688892382077,-10.266787385044267,10,13,23,76.92307692307692,65.0,69.6969696969697,-58.5,-35.8,-12.8,-4.6,-22.1
TCTCCGTCGGCCCCGACTTCCAGAAGGGCCTGAAGGACGGGATTATC,GGCCCCGACTTCC,AGAAGGcCCTGAAGGACGGG,GGCCCCGACTTCCAGAAGGcCCTGAAGGACGGG,13,20,33,46.45790755808463,57.752668358199514,46.757379361419794,66.85469164508118,-10.99528899677972,10,13,23,76.92307692307692,65.0,69.6969696969697,-60.2,-36.1,-13.1,-4.6,-22.1
TCTCCGTCGGCCCCGACTTCCAGAAGGGCCTGAAGGACGGGATTATC,GGCCCCGACTTCC,AGAAGGGgCTGAAGGACGGG,GGCCCCGACTTCCAGAAGGGgCTGAAGGACGGG,13,20,33,46.45790755808463,57.752668358199514,54.235451936124434,68.89288053987582,-3.51721642207508,10,13,23,76.92307692307692,65.0,69.6969696969697,-57.8,-34.8,-11.8,-4.6,-22.1
TCTCCGTCGGCCCCGACTTCCAGAAGGGCCTGAAGGACGGGATTATC,GGCCCCGACTTCC,AGAAGGGCgTGAAGGACGGG,GGCCCCGACTTCCAGAAGGGCgTGAAGGACGGG,13,20,33,46.45790755808463,57.752668358199514,52.26810436986119,66.07101847186755,-5.484563988338323,10,13,23,76.92307692307692,65.0,69.6969696969697,-56.4,-32.9,-9.9,-4.6,-22.1
TCTCCGTCGGCCCCGACTTCCAGAAGGGCCTGAAGGACGGGATTATC,GGCCCCGACTTCC,AGAAGGGCCTcAAGGACGGG,GGCCCCGACTTCCAGAAGGGCCTcAAGGACGGG,13,20,33,46.45790755808463,57.752668358199514,49.55938872056123,66.53014880553644,-8.193279637638284,10,13,23,76.92307692307692,65.0,69.6969696969697,-57.6,-33.2,-12.8,-4.6,-22.1
TCTCCGTCGGCCCCGACTTCCAGAAGGGCCTGAAGGACGGGATTATC,GGCCCCGACTTCC,AGAAGGGCCTGAAcGACGGG,GGCCCCGACTTCCAGAAGGGCCTGAAcGACGGG,13,20,33,46.45790755808463,57.752668358199514,47.23049579004697,65.87185158150658,-10.522172568152541,10,13,23,76.92307692307692,65.0,69.6969696969697,-58.8,-35.8,-12.8,-4.6,-22.1
CTCCGTCGGCCCCGACTTCCAGAAGGGCCTGAAGGACGGGATTATCT,GCCCCGACTTCCA,cAAGGGCCTGAAGGACGGGA,GCCCCGACTTCCAcAAGGGCCTGAAGGACGGGA,13,20,33,40.75349803908739,57.75889943893674,56.453000718444514,66.0138145446981,-1.3058987204922232,9,13,22,69.23076923076923,65.0,66.66666666666667,-51.0,-30.3,-10.4,-4.1,-20.3
CTCCGTCGGCCCCGACTTCCAGAAGGGCCTGAAGGACGGGATTATCT,GCCCCGACTTCCA,GtAGGGCCTGAAGGACGGGA,GCCCCGACTTCCAGtAGGGCCTGAAGGACGGGA,13,20,33,40.75349803908739,57.75889943893674,51.56975255711046,65.7943413020298,-6.189146881826275,9,13,22,69.23076923076923,65.0,66.66666666666667,-51.3,-33.9,-14.0,-4.1,-20.3
CTCCGTCGGCCCCGACTTCCAGAAGGGCCTGAAGGACGGGATTATCT,GCCCCGACTTCCA,GAtGGGCCTGAAGGACGGGA,GCCCCGACTTCCAGAtGGGCCTGAAGGACGGGA,13,20,33,40.75349803908739,57.75889943893674,52.206548698073846,66.46233694833978,-5.552350740862892,9,13,22,69.23076923076923,65.0,66.66666666666667,-52.9,-32.9,-13.0,-4.1,-20.3
CTCCGTCGGCCCCGACTTCCAGAAGGGCCTGAAGGACGGGATTATCT,GCCCCGACTTCCA,GAAcGGCCTGAAGGACGGGA,GCCCCGACTTCCAGAAcGGCCTGAAGGACGGGA,13,20,33,40.75349803908739,57.75889943893674,47.265917940812585,65.4661668182618,-10.492981498124152,9,13,22,69.23076923076923,65.0,66.66666666666667,-54.2,-32.9,-13.0,-4.1,-20.3
CTCCGTCGGCCCCGACTTCCAGAAGGGCCTGAAGGACGGGATTATCT,GCCCCGACTTCCA,GAAGGcCCTGAAGGACGGGA,GCCCCGACTTCCAGAAGGcCCTGAAGGACGGGA,13,20,33,40.75349803908739,57.75889943893674,46.79706152790038,66.45827762109303,-10.961837911036355,9,13,22,69.23076923076923,65.0,66.66666666666667,-57.7,-33.2,-13.3,-4.1,-20.3
CTCCGTCGGCCCCGACTTCCAGAAGGGCCTGAAGGACGGGATTATCT,GCCCCGACTTCCA,GAAGGGgCTGAAGGACGGGA,GCCCCGACTTCCAGAAGGGgCTGAAGGACGGGA,13,20,33,40.75349803908739,57.75889943893674,54.251124717284426,68.5487456439194,-3.5077747216523107,9,13,22,69.23076923076923,65.0,66.66666666666667,-55.0,-31.9,-12.0,-4.1,-20.3
CTCCGTCGGCCCCGACTTCCAGAAGGGCCTGAAGGACGGGATTATCT,GCCCCGACTTCCA,GAAGGGCgTGAAGGACGGGA,GCCCCGACTTCCAGAAGGGCgTGAAGGACGGGA,13,20,33,40.75349803908739,57.75889943893674,52.28911803511943,65.68544041286339,-5.469781403817308,9,13,22,69.23076923076923,65.0,66.66666666666667,-53.6,-30.0,-10.1,-4.1,-20.3
CTCCGTCGGCCCCGACTTCCAGAAGGGCCTGAAGGACGGGATTATCT,GCCCCGACTTCCA,GAAGGGCCaGAAGGACGGGA,GCCCCGACTTCCAGAAGGGCCaGAAGGACGGGA,13,20,33,40.75349803908739,57.75889943893674,51.245762986707405,67.88849311705815,-6.5131364522293325,9,13,22,69.23076923076923,65.0,66.66666666666667,-58.1,-33.0,-13.1,-4.1,-20.3
CTCCGTCGGCCCCGACTTCCAGAAGGGCCTGAAGGACGGGATTATCT,GCCCCGACTTCCA,GAAGGGCCTGtAGGACGGGA,GCCCCGACTTCCAGAAGGGCCTGtAGGACGGGA,13,20,33,40.75349803908739,57.75889943893674,51.569752557110405,65.79434130202992,-6.189146881826332,9,13,22,69.23076923076923,65.0,66.66666666666667,-54.8,-30.3,-10.4,-4.1,-20.3
CTCCGTCGGCCCCGACTTCCAGAAGGGCCTGAAGGACGGGATTATCT,GCCCCGACTTCCA,GAAGGGCCTGAAGcACGGGA,GCCCCGACTTCCAGAAGGGCCTGAAGcACGGGA,13,20,33,40.75349803908739,57.75889943893674,48.78286177607481,66.44368819761269,-8.976037662861927,9,13,22,69.23076923076923,65.0,66.66666666666667,-56.9,-32.5,-12.6,-4.1,-20.3
GCCCCGACTTCCAGAAGGGCCTGAAGGACGGGATTATCTTATGCACA,TTCCAGAAGGGCC,aGAAGGACGGGATTATCTTA,TTCCAGAAGGGCCaGAAGGACGGGATTATCTTA,13,20,33,45.17355933970947,46.96805540912209,46.17068023862532,48.28244262541273,-0.797375170496764,8,8,16,61.53846153846154,40.0,48.484848484848484,-46.7,-29.1,-2.3,-1.8,-29.4
GCCCCGACTTCCAGAAGGGCCTGAAGGACGGGATTATCTTATGCACA,TTCCAGAAGGGCC,TcAAGGACGGGATTATCTTA,TTCCAGAAGGGCCTcAAGGACGGGATTATCTTA,13,20,33,45.17355933970947,46.96805540912209,36.481653949865915,46.71566872627244,-10.486401459256172,8,8,16,61.53846153846154,40.0,48.484848484848484,-48.0,-25.1,-2.8,-1.8,-29.4
GCCCCGACTTCCAGAAGGGCCTGAAGGACGGGATTATCTTATGCACA,TTCCAGAAGGGCC,TGtAGGACGGGATTATCTTA,TTCCAGAAGGGCCTGtAGGACGGGATTATCTTA,13,20,33,45.17355933970947,46.96805540912209,39.81474616809959,46.46869041255502,-7.153309241022498,8,8,16,61.53846153846154,40.0,48.484848484848484,-49.8,-25.1,-2.1,-1.8,-29.4
GCCCCGACTTCCAGAAGGGCCTGAAGGACGGGATTATCTTATGCACA,TTCCAGAAGGGCC,TGAtGGACGGGATTATCTTA,TTCCAGAAGGGCCTGAtGGACGGGATTATCTTA,13,20,33,45.17355933970947,46.96805540912209,40.93342921304014,47.0154890492679,-6.034626196081945,8,8,16,61.53846153846154,40.0,48.484848484848484,-50.6,-23.9,-2.2,-1.8,-29.4
GCCCCGACTTCCAGAAGGGCCTGAAGGACGGGATTATCTTATGCACA,TTCCAGAAGGGCC,TGAAGcACGGGATTATCTTA,TTCCAGAAGGGCCTGAAGcACGGGATTATCTTA,13,20,33,45.17355933970947,46.96805540912209,36.0018066343801,46.66871993162562,-10.966248774741985,8,8,16,61.53846153846154,40.0,48.484848484848484,-53.2,-27.4,-3.6,-1.8,-29.4
GCCCCGACTTCCAGAAGGGCCTGAAGGACGGGATTATCTTATGCACA,TTCCAGAAGGGCC,TGAAGGtCGGGATTATCTTA,TTCCAGAAGGGCCTGAAGGtCGGGATTATCTTA,13,20,33,45.17355933970947,46.96805540912209,39.361043282318064,45.98103774524549,-7.6070121268040225,8,8,16,61.53846153846154,40.0,48.484848484848484,-52.9,-27.4,-3.6,-1.8,-29.4
GCCCCGACTTCCAGAAGGGCCTGAAGGACGGGATTATCTTATGCACA,TTCCAGAAGGGCC,TGAAGGAgGGGATTATCTTA,TTCCAGAAGGGCCTGAAGGAgGGGATTATCTTA,13,20,33,45.17355933970947,46.96805540912209,39.96178502371572,49.60838406979042,-7.006270385406367,8,8,16,61.53846153846154,40.0,48.484848484848484,-52.0,-24.9,-3.6,-1.8,-29.4
GCCCCGACTTCCAGAAGGGCCTGAAGGACGGGATTATCTTATGCACA,TTCCAGAAGGGCC,TGAAGGACcGGATTATCTTA,TTCCAGAAGGGCCTGAAGGACcGGATTATCTTA,13,20,33,45.17355933970947,46.96805540912209,35.00515619292304,46.44064303320084,-11.962899216199048,8,8,16,61.53846153846154,40.0,48.484848484848484,-52.9,-28.3,-4.6,-1.8,-29.4
GCCCCGACTTCCAGAAGGGCCTGAAGGACGGGATTATCTTATGCACA,TTCCAGAAGGGCC,TGAAGGACGGcATTATCTTA,TTCCAGAAGGGCCTGAAGGACGGcATTATCTTA,13,20,33,45.17355933970947,46.96805540912209,36.0018066343801,46.66871993162562,-10.966248774741985,8,8,16,61.53846153846154,40.0,48.484848484848484,-53.6,-27.6,-5.8,-1.8,-29.4
GCCCCGACTTCCAGAAGGGCCTGAAGGACGGGATTATCTTATGCACA,TTCCAGAAGGGCC,TGAAGGACGGGATaATCTTA,TTCCAGAAGGGCCTGAAGGACGGGATaATCTTA,13,20,33,45.17355933970947,46.96805540912209,41.06644679409567,49.58738146415874,-5.901608615026419,8,8,16,61.53846153846154,40.0,48.484848484848484,-51.5,-24.5,-3.6,-1.8,-29.4
CGACTTCCAGAAGGGCCTGAAGGACGGGATTATCTTATGCACACTCA,AGAAGGGCCTGAA,cGACGGGATTATCTTATGCA,AGAAGGGCCTGAAcGACGGGATTATCTTATGCA,13,20,33,46.07034995435117,48.920314578830244,46.43435769438457,45.8036947387867,-2.4859568844456703,7,9,16,53.84615384615385,45.0,48.484848484848484,-47.2,-23.2,-2.4,-4.0,-20.6
CGACTTCCAGAAGGGCCTGAAGGACGGGATTATCTTATGCACACTCA,AGAAGGGCCTGAA,GcACGGGATTATCTTATGCA,AGAAGGGCCTGAAGcACGGGATTATCTTATGCA,13,20,33,46.07034995435117,48.920314578830244,38.525044833498214,47.17693261478911,-10.39526974533203,7,9,16,53.84615384615385,45.0,48.484848484848484,-46.9,-26.0,-2.7,-4.0,-20.6
CGACTTCCAGAAGGGCCTGAAGGACGGGATTATCTTATGCACACTCA,AGAAGGGCCTGAA,GGtCGGGATTATCTTATGCA,AGAAGGGCCTGAAGGtCGGGATTATCTTATGCA,13,20,33,46.07034995435117,48.920314578830244,41.590418326736824,46.48046120608541,-7.32989625209342,7,9,16,53.84615384615385,45.0,48.484848484848484,-49.6,-26.0,-2.4,-4.0,-20.6
CGACTTCCAGAAGGGCCTGAAGGACGGGATTATCTTATGCACACTCA,AGAAGGGCCTGAA,GGAgGGGATTATCTTATGCA,AGAAGGGCCTGAAGGAgGGGATTATCTTATGCA,13,20,33,46.07034995435117,48.920314578830244,42.16403588281963,50.0739832574576,-6.756278696010611,7,9,16,53.84615384615385,45.0,48.484848484848484,-54.0,-23.5,-1.4,-4.0,-20.6
CGACTTCCAGAAGGGCCTGAAGGACGGGATTATCTTATGCACACTCA,AGAAGGGCCTGAA,GGACGcGATTATCTTATGCA,AGAAGGGCCTGAAGGACGcGATTATCTTATGCA,13,20,33,46.07034995435117,48.920314578830244,37.89042064957414,45.65880840674157,-11.029893929256104,7,9,16,53.84615384615385,45.0,48.484848484848484,-51.8,-25.0,-1.2,-4.0,-20.6
CGACTTCCAGAAGGGCCTGAAGGACGGGATTATCTTATGCACACTCA,AGAAGGGCCTGAA,GGACGGcATTATCTTATGCA,AGAAGGGCCTGAAGGACGGcATTATCTTATGCA,13,20,33,46.07034995435117,48.920314578830244,38.525044833498214,47.17693261478911,-10.39526974533203,7,9,16,53.84615384615385,45.0,48.484848484848484,-53.1,-26.5,-6.1,-4.0,-20.6
CGACTTCCAGAAGGGCCTGAAGGACGGGATTATCTTATGCACACTCA,AGAAGGGCCTGAA,GGACGGGtTTATCTTATGCA,AGAAGGGCCTGAAGGACGGGtTTATCTTATGCA,13,20,33,46.07034995435117,48.920314578830244,42.294954145371435,46.291823730658905,-6.625360433458809,7,9,16,53.84615384615385,45.0,48.484848484848484,-51.2,-23.7,-2.4,-4.0,-20.6
CGACTTCCAGAAGGGCCTGAAGGACGGGATTATCTTATGCACACTCA,AGAAGGGCCTGAA,GGACGGGAaTATCTTATGCA,AGAAGGGCCTGAAGGACGGGAaTATCTTATGCA,13,20,33,46.07034995435117,48.920314578830244,42.59882639796888,50.062463448501205,-6.321488180861365,7,9,16,53.84615384615385,45.0,48.484848484848484,-51.2,-23.0,-2.4,-4.0,-20.6
CGACTTCCAGAAGGGCCTGAAGGACGGGATTATCTTATGCACACTCA,AGAAGGGCCTGAA,GGACGGGATTtTCTTATGCA,AGAAGGGCCTGAAGGACGGGATTtTCTTATGCA,13,20,33,46.07034995435117,48.920314578830244,43.41134778975771,45.892535635581226,-5.508966789072531,7,9,16,53.84615384615385,45.0,48.484848484848484,-51.2,-23.4,-3.0,-4.0,-20.6
CGACTTCCAGAAGGGCCTGAAGGACGGGATTATCTTATGCACACTCA,AGAAGGGCCTGAA,GGACGGGATTATCaTATGCA,AGAAGGGCCTGAAGGACGGGATTATCaTATGCA,13,20,33,46.07034995435117,48.920314578830244,42.19541500865091,49.66588930651517,-6.724899570179332,7,9,16,53.84615384615385,45.0,48.484848484848484,-51.3,-24.6,-0.8,-4.0,-20.6
GACTTCCAGAAGGGCCTGAAGGACGGGATTATCTTATGCACACTCAT,GAAGGGCCTGAAG,cACGGGATTATCTTATGCAC,GAAGGGCCTGAAGcACGGGATTATCTTATGCAC,13,20,33,46.07034995435117,48.02996506360023,46.315394660291815,46.137712596363485,-1.7145704033084144,8,9,17,61.53846153846154,45.0,51.515151515151516,-49.2,-25.2,-2.7,-3.2,-22.5
GACTTCCAGAAGGGCCTGAAGGACGGGATTATCTTATGCACACTCAT,GAAGGGCCTGAAG,GtCGGGATTATCTTATGCAC,GAAGGGCCTGAAGGtCGGGATTATCTTATGCAC,13,20,33,46.07034995435117,48.02996506360023,40.797678479326464,45.31978599300646,-7.232286584273766,8,9,17,61.53846153846154,45.0,51.515151515151516,-48.1,-25.2,-2.4,-3.2,-22.5
GACTTCCAGAAGGGCCTGAAGGACGGGATTATCTTATGCACACTCAT,GAAGGGCCTGAAG,GAgGGGATTATCTTATGCAC,GAAGGGCCTGAAGGAgGGGATTATCTTATGCAC,13,20,33,46.07034995435117,48.02996506360023,41.364676763288855,48.99734409607379,-6.665288300311374,8,9,17,61.53846153846154,45.0,51.515151515151516,-49.3,-22.7,-1.4,-3.2,-22.5
GACTTCCAGAAGGGCCTGAAGGACGGGATTATCTTATGCACACTCAT,GAAGGGCCTGAAG,GACcGGATTATCTTATGCAC,GAAGGGCCTGAAGGACcGGATTATCTTATGCAC,13,20,33,46.07034995435117,48.02996506360023,36.6366660558582,45.75461982080867,-11.39329900774203,8,9,17,61.53846153846154,45.0,51.515151515151516,-52.9,-26.1,-3.7,-3.2,-22.5
GACTTCCAGAAGGGCCTGAAGGACGGGATTATCTTATGCACACTCAT,GAAGGGCCTGAAG,GACGGcATTATCTTATGCAC,GAAGGGCCTGAAGGACGGcATTATCTTATGCAC,13,20,33,46.07034995435117,48.02996506360023,37.72605841964321,45.996106986984444,-10.30390664395702,8,9,17,61.53846153846154,45.0,51.515151515151516,-55.8,-24.2,-6.1,-3.2,-22.5
GACTTCCAGAAGGGCCTGAAGGACGGGATTATCTTATGCACACTCAT,GAAGGGCCTGAAG,GACGGGtTTATCTTATGCAC,GAAGGGCCTGAAGGACGGGtTTATCTTATGCAC,13,20,33,46.07034995435117,48.02996506360023,41.49535082229113,45.1284318407113,-6.5346142413091,8,9,17,61.53846153846154,45.0,51.515151515151516,-52.8,-22.9,-2.4,-3.2,-22.5
GACTTCCAGAAGGGCCTGAAGGACGGGATTATCTTATGCACACTCAT,GAAGGGCCTGAAG,GACGGGAaTATCTTATGCAC,GAAGGGCCTGAAGGACGGGAaTATCTTATGCAC,13,20,33,46.07034995435117,48.02996506360023,41.75101480648465,48.96339597591481,-6.278950257115582,8,9,17,61.53846153846154,45.0,51.515151515151516,-52.8,-21.2,-2.4,-3.2,-22.5
GACTTCCAGAAGGGCCTGAAGGACGGGATTATCTTATGCACACTCAT,GAAGGGCCTGAAG,GACGGGATaATCTTATGCAC,GAAGGGCCTGAAGGACGGGATaATCTTATGCAC,13,20,33,46.07034995435117,48.02996506360023,42.57182740313317,48.96339597591481,-5.4581376604670595,8,9,17,61.53846153846154,45.0,51.515151515151516,-53.8,-21.0,-2.4,-3.2,-22.5
GACTTCCAGAAGGGCCTGAAGGACGGGATTATCTTATGCACACTCAT,GAAGGGCCTGAAG,GACGGGATTAaCTTATGCAC,GAAGGGCCTGAAGGACGGGATTAaCTTATGCAC,13,20,33,46.07034995435117,48.02996506360023,42.15190452594203,48.746313729114604,-5.8780605376582,8,9,17,61.53846153846154,45.0,51.515151515151516,-52.8,-23.1,-0.8,-3.2,-22.5
GACTTCCAGAAGGGCCTGAAGGACGGGATTATCTTATGCACACTCAT,GAAGGGCCTGAAG,GACGGGATTATCTaATGCAC,GAAGGGCCTGAAGGACGGGATTATCTaATGCAC,13,20,33,46.07034995435117,48.02996506360023,42.57182740313317,48.96339597591481,-5.4581376604670595,8,9,17,61.53846153846154,45.0,51.515151515151516,-53.5,-22.9,-1.5,-3.2,-22.5
GCACACTCATGAACAAGCTCCAGCCGGGCTCAGTCCCCAAGATCAAC,ATGAACAAGCTCC,tGCCGGGCTCAGTCCCCAAG,ATGAACAAGCTCCtGCCGGGCTCAGTCCCCAAG,13,20,33,34.95465379884598,60.53492945727754,59.82195746550315,62.234565717750684,-0.7129719917743955,6,14,20,46.15384615384615,70.0,60.60606060606061,-54.8,-36.3,-10.3,-1.4,-21.0
GCACACTCATGAACAAGCTCCAGCCGGGCTCAGTCCCCAAGATCAAC,ATGAACAAGCTCC,AcCCGGGCTCAGTCCCCAAG,ATGAACAAGCTCCAcCCGGGCTCAGTCCCCAAG,13,20,33,34.95465379884598,60.53492945727754,49.69606493268668,62.527323645504794,-10.83886452459086,6,14,20,46.15384615384615,70.0,60.60606060606061,-55.8,-36.3,-9.5,-1.4,-21.0
GCACACTCATGAACAAGCTCCAGCCGGGCTCAGTCCCCAAGATCAAC,ATGAACAAGCTCC,AGgCGGGCTCAGTCCCCAAG,ATGAACAAGCTCCAGgCGGGCTCAGTCCCCAAG,13,20,33,34.95465379884598,60.53492945727754,57.115832410181326,63.950736015980056,-3.4190970470962156,6,14,20,46.15384615384615,70.0,60.60606060606061,-56.3,-36.3,-9.5,-1.4,-21.0
GCACACTCATGAACAAGCTCCAGCCGGGCTCAGTCCCCAAGATCAAC,ATGAACAAGCTCC,AGCgGGGCTCAGTCCCCAAG,ATGAACAAGCTCCAGCgGGGCTCAGTCCCCAAG,13,20,33,34.95465379884598,60.53492945727754,53.26464753830521,63.950736015980056,-7.27028191897233,6,14,20,46.15384615384615,70.0,60.60606060606061,-60.1,-36.3,-8.8,-1.4,-21.0
GCACACTCATGAACAAGCTCCAGCCGGGCTCAGTCCCCAAGATCAAC,ATGAACAAGCTCC,AGCCGcGCTCAGTCCCCAAG,ATGAACAAGCTCCAGCCGcGCTCAGTCCCCAAG,13,20,33,34.95465379884598,60.53492945727754,50.60260271415024,60.180404006620904,-9.932326743127305,6,14,20,46.15384615384615,70.0,60.60606060606061,-57.2,-33.9,-7.6,-1.4,-21.0
GCACACTCATGAACAAGCTCCAGCCGGGCTCAGTCCCCAAGATCAAC,ATGAACAAGCTCC,AGCCGGcCTCAGTCCCCAAG,ATGAACAAGCTCCAGCCGGcCTCAGTCCCCAAG,13,20,33,34.95465379884598,60.53492945727754,50.03648310110759,61.777068550961815,-10.49844635616995,6,14,20,46.15384615384615,70.0,60.60606060606061,-59.0,-35.5,-5.5,-1.4,-21.0
GCACACTCATGAACAAGCTCCAGCCGGGCTCAGTCCCCAAGATCAAC,ATGAACAAGCTCC,AGCCGGGgTCAGTCCCCAAG,ATGAACAAGCTCCAGCCGGGgTCAGTCCCCAAG,13,20,33,34.95465379884598,60.53492945727754,56.546243573246954,62.86029055716517,-3.9886858840305877,6,14,20,46.15384615384615,70.0,60.60606060606061,-57.0,-34.9,-8.0,-1.4,-21.0
GCACACTCATGAACAAGCTCCAGCCGGGCTCAGTCCCCAAGATCAAC,ATGAACAAGCTCC,AGCCGGGCaCAGTCCCCAAG,ATGAACAAGCTCCAGCCGGGCaCAGTCCCCAAG,13,20,33,34.95465379884598,60.53492945727754,54.957331745607576,64.23302738624074,-5.577597711669966,6,14,20,46.15384615384615,70.0,60.60606060606061,-59.6,-36.0,-6.5,-1.4,-21.0
GCACACTCATGAACAAGCTCCAGCCGGGCTCAGTCCCCAAGATCAAC,ATGAACAAGCTCC,AGCCGGGCTCtGTCCCCAAG,ATGAACAAGCTCCAGCCGGGCTCtGTCCCCAAG,13,20,33,34.95465379884598,60.53492945727754,55.58981628262893,62.511375260130876,-4.945113174648611,6,14,20,46.15384615384615,70.0,60.60606060606061,-58.4,-34.8,-9.8,-1.4,-21.0
GCACACTCATGAACAAGCTCCAGCCGGGCTCAGTCCCCAAGATCAAC,ATGAACAAGCTCC,AGCCGGGCTCAGTgCCCAAG,ATGAACAAGCTCCAGCCGGGCTCAGTgCCCAAG,13,20,33,34.95465379884598,60.53492945727754,56.38937279555489,64.20552027259981,-4.145556661722651,6,14,20,46.15384615384615,70.0,60.60606060606061,-57.5,-35.4,-9.0,-1.4,-21.0
CACACTCATGAACAAGCTCCAGCCGGGCTCAGTCCCCAAGATCAACC,TGAACAAGCTCCA,cCCGGGCTCAGTCCCCAAGA,TGAACAAGCTCCAcCCGGGCTCAGTCCCCAAGA,13,20,33,35.02619508459401,60.53403329931899,57.70001335263851,61.00310554094028,-2.8340199466804847,6,14,20,46.15384615384615,70.0,60.60606060606061,-56.9,-33.9,-9.5,0.0,-22.7
CACACTCATGAACAAGCTCCAGCCGGGCTCAGTCCCCAAGATCAACC,TGAACAAGCTCCA,GgCGGGCTCAGTCCCCAAGA,TGAACAAGCTCCAGgCGGGCTCAGTCCCCAAGA,13,20,33,35.02619508459401,60.53403329931899,57.1238676942055,63.518106843499254,-3.410165605113491,6,14,20,46.15384615384615,70.0,60.60606060606061,-53.8,-33.9,-9.5,0.0,-22.7
CACACTCATGAACAAGCTCCAGCCGGGCTCAGTCCCCAAGATCAACC,TGAACAAGCTCCA,GCgGGGCTCAGTCCCCAAGA,TGAACAAGCTCCAGCgGGGCTCAGTCCCCAAGA,13,20,33,35.02619508459401,60.53403329931899,53.28292254969517,63.518106843499254,-7.25111074962382,6,14,20,46.15384615384615,70.0,60.60606060606061,-57.0,-33.9,-8.8,0.0,-22.7
CACACTCATGAACAAGCTCCAGCCGGGCTCAGTCCCCAAGATCAACC,TGAACAAGCTCCA,GCCcGGCTCAGTCCCCAAGA,TGAACAAGCTCCAGCCcGGCTCAGTCCCCAAGA,13,20,33,35.02619508459401,60.53403329931899,49.83217945007033,61.28727165923783,-10.701853849248664,6,14,20,46.15384615384615,70.0,60.60606060606061,-61.2,-34.9,-7.5,0.0,-22.7
CACACTCATGAACAAGCTCCAGCCGGGCTCAGTCCCCAAGATCAACC,TGAACAAGCTCCA,GCCGGcCTCAGTCCCCAAGA,TGAACAAGCTCCAGCCGGcCTCAGTCCCCAAGA,13,20,33,35.02619508459401,60.53403329931899,50.06627532340872,61.287271659237774,-10.467757975910274,6,14,20,46.15384615384615,70.0,60.60606060606061,-59.8,-33.1,-5.5,0.0,-22.7
CACACTCATGAACAAGCTCCAGCCGGGCTCAGTCCCCAAGATCAACC,TGAACAAGCTCCA,GCCGGGgTCAGTCCCCAAGA,TGAACAAGCTCCAGCCGGGgTCAGTCCCCAAGA,13,20,33,35.02619508459401,60.53403329931899,56.555927315255644,62.41380812475006,-3.9781059840633475,6,14,20,46.15384615384615,70.0,60.60606060606061,-57.8,-32.5,-8.0,0.0,-22.7
CACACTCATGAACAAGCTCCAGCCGGGCTCAGTCCCCAAGATCAACC,TGAACAAGCTCCA,GCCGGGCaCAGTCCCCAAGA,TGAACAAGCTCCAGCCGGGCaCAGTCCCCAAGA,13,20,33,35.02619508459401,60.53403329931899,54.97153268681484,63.79505743587464,-5.562500612504152,6,14,20,46.15384615384615,70.0,60.60606060606061,-60.7,-33.6,-6.5,0.0,-22.7
CACACTCATGAACAAGCTCCAGCCGGGCTCAGTCCCCAAGATCAACC,TGAACAAGCTCCA,GCCGGGCTgAGTCCCCAAGA,TGAACAAGCTCCAGCCGGGCTgAGTCCCCAAGA,13,20,33,35.02619508459401,60.53403329931899,54.52726512456064,63.75054112486697,-6.006768174758349,6,14,20,46.15384615384615,70.0,60.60606060606061,-61.0,-33.9,-8.4,0.0,-22.7
CACACTCATGAACAAGCTCCAGCCGGGCTCAGTCCCCAAGATCAACC,TGAACAAGCTCCA,GCCGGGCTCAcTCCCCAAGA,TGAACAAGCTCCAGCCGGGCTCAcTCCCCAAGA,13,20,33,35.02619508459401,60.53403329931899,49.8635091033409,63.201587052789364,-10.67052419597809,6,14,20,46.15384615384615,70.0,60.60606060606061,-57.4,-33.1,-10.3,0.0,-22.7
CACACTCATGAACAAGCTCCAGCCGGGCTCAGTCCCCAAGATCAACC,TGAACAAGCTCCA,GCCGGGCTCAGTCgCCAAGA,TGAACAAGCTCCAGCCGGGCTCAGTCgCCAAGA,13,20,33,35.02619508459401,60.53403329931899,55.77980970072787,61.91396069454953,-4.754223598591125,6,14,20,46.15384615384615,70.0,60.60606060606061,-59.0,-31.9,-7.2,0.0,-22.7
AAGATCAACCGCTCCATGCAGAACTGGCATCAGCTAGAAAACCTCTC,CCGCTCCATGCAG,tACTGGCATCAGCTAGAAAA,CCGCTCCATGCAGtACTGGCATCAGCTAGAAAA,13,20,33,40.854194463931265,49.11658705858241,48.20442012992521,50.15511969525602,-0.9121669286572001,9,8,17,69.23076923076923,40.0,51.515151515151516,-57.2,-30.4,-8.0,-1.3,-19.8
AAGATCAACCGCTCCATGCAGAACTGGCATCAGCTAGAAAACCTCTC,CCGCTCCATGCAG,AtCTGGCATCAGCTAGAAAA,CCGCTCCATGCAGAtCTGGCATCAGCTAGAAAA,13,20,33,40.854194463931265,49.11658705858241,41.837613504043816,49.23011758125392,-7.278973554538595,9,8,17,69.23076923076923,40.0,51.515151515151516,-57.4,-29.8,-6.9,-1.3,-19.8
AAGATCAACCGCTCCATGCAGAACTGGCATCAGCTAGAAAACCTCTC,CCGCTCCATGCAG,AAgTGGCATCAGCTAGAAAA,CCGCTCCATGCAGAAgTGGCATCAGCTAGAAAA,13,20,33,40.854194463931265,49.11658705858241,44.28903905085912,50.53220454634692,-4.827548007723294,9,8,17,69.23076923076923,40.0,51.515151515151516,-58.0,-33.0,-7.5,-1.3,-19.8
AAGATCAACCGCTCCATGCAGAACTGGCATCAGCTAGAAAACCTCTC,CCGCTCCATGCAG,AACaGGCATCAGCTAGAAAA,CCGCTCCATGCAGAACaGGCATCAGCTAGAAAA,13,20,33,40.854194463931265,49.11658705858241,41.88018282311276,51.481492944932995,-7.236404235469649,9,8,17,69.23076923076923,40.0,51.515151515151516,-61.6,-32.3,-7.7,-1.3,-19.8
AAGATCAACCGCTCCATGCAGAACTGGCATCAGCTAGAAAACCTCTC,CCGCTCCATGCAG,AACTGcCATCAGCTAGAAAA,CCGCTCCATGCAGAACTGcCATCAGCTAGAAAA,13,20,33,40.854194463931265,49.11658705858241,36.799502676020325,49.58569532270428,-12.317084382562086,9,8,17,69.23076923076923,40.0,51.515151515151516,-62.4,-31.5,-6.4,-1.3,-19.8
AAGATCAACCGCTCCATGCAGAACTGGCATCAGCTAGAAAACCTCTC,CCGCTCCATGCAG,AACTGGgATCAGCTAGAAAA,CCGCTCCATGCAGAACTGGgATCAGCTAGAAAA,13,20,33,40.854194463931265,49.11658705858241,42.97711133063285,52.25855012407317,-6.139475727949559,9,8,17,69.23076923076923,40.0,51.515151515151516,-61.7,-30.7,-6.6,-1.3,-19.8
AAGATCAACCGCTCCATGCAGAACTGGCATCAGCTAGAAAACCTCTC,CCGCTCCATGCAG,AACTGGCtTCAGCTAGAAAA,CCGCTCCATGCAGAACTGGCtTCAGCTAGAAAA,13,20,33,40.854194463931265,49.11658705858241,43.161928842448845,49.42753247589769,-5.954658216133566,9,8,17,69.23076923076923,40.0,51.515151515151516,-62.0,-35.0,-9.5,-1.3,-19.8
AAGATCAACCGCTCCATGCAGAACTGGCATCAGCTAGAAAACCTCTC,CCGCTCCATGCAG,AACTGGCAaCAGCTAGAAAA,CCGCTCCATGCAGAACTGGCAaCAGCTAGAAAA,13,20,33,40.854194463931265,49.11658705858241,43.14716534662762,52.93835947992204,-5.969421711954794,9,8,17,69.23076923076923,40.0,51.515151515151516,-62.4,-32.2,-9.4,-1.3,-19.8
AAGATCAACCGCTCCATGCAGAACTGGCATCAGCTAGAAAACCTCTC,CCGCTCCATGCAG,AACTGGCATCtGCTAGAAAA,CCGCTCCATGCAGAACTGGCATCtGCTAGAAAA,13,20,33,40.854194463931265,49.11658705858241,43.839493914473394,50.58632205441319,-5.277093144109017,9,8,17,69.23076923076923,40.0,51.515151515151516,-59.2,-32.6,-9.8,-1.3,-19.8
AAGATCAACCGCTCCATGCAGAACTGGCATCAGCTAGAAAACCTCTC,CCGCTCCATGCAG,AACTGGCATCAGCaAGAAAA,CCGCTCCATGCAGAACTGGCATCAGCaAGAAAA,13,20,33,40.854194463931265,49.11658705858241,43.43298720827079,51.753613449614306,-5.683599850311623,9,8,17,69.23076923076923,40.0,51.515151515151516,-57.1,-29.3,-6.7,-1.3,-19.8
TAGAAAACCTCTCCAACTTCATCAAGGCCATGGTCAGCTACGGCATC,CTCTCCAACTTCA,aCAAGGCCATGGTCAGCTAC,CTCTCCAACTTCAaCAAGGCCATGGTCAGCTAC,13,20,33,24.629500344753183,53.88411270988456,53.25185972275693,58.4247472558539,-0.6322529871276288,6,11,17,46.15384615384615,55.0,51.515151515151516,-50.8,-32.1,-4.4,0.0,-18.3
TAGAAAACCTCTCCAACTTCATCAAGGCCATGGTCAGCTACGGCATC,CTCTCCAACTTCA,TgAAGGCCATGGTCAGCTAC,CTCTCCAACTTCATgAAGGCCATGGTCAGCTAC,13,20,33,24.629500344753183,53.88411270988456,47.056408423039954,58.10191920088255,-6.827704286844607,6,11,17,46.15384615384615,55.0,51.515151515151516,-50.7,-29.8,-5.7,0.0,-18.3
TAGAAAACCTCTCCAACTTCATCAAGGCCATGGTCAGCTACGGCATC,CTCTCCAACTTCA,TCtAGGCCATGGTCAGCTAC,CTCTCCAACTTCATCtAGGCCATGGTCAGCTAC,13,20,33,24.629500344753183,53.88411270988456,48.081967953933884,56.17384459927649,-5.802144755950678,6,11,17,46.15384615384615,55.0,51.515151515151516,-54.1,-29.4,-4.3,0.0,-18.3
TAGAAAACCTCTCCAACTTCATCAAGGCCATGGTCAGCTACGGCATC,CTCTCCAACTTCA,TCAtGGCCATGGTCAGCTAC,CTCTCCAACTTCATCAtGGCCATGGTCAGCTAC,13,20,33,24.629500344753183,53.88411270988456,48.22813528878413,55.87673045858696,-5.655977421100431,6,11,17,46.15384615384615,55.0,51.515151515151516,-53.9,-28.3,-4.3,0.0,-18.3
TAGAAAACCTCTCCAACTTCATCAAGGCCATGGTCAGCTACGGCATC,CTCTCCAACTTCA,TCAAGcCCATGGTCAGCTAC,CTCTCCAACTTCATCAAGcCCATGGTCAGCTAC,13,20,33,24.629500344753183,53.88411270988456,42.417165531484386,55.53939908105815,-11.466947178400176,6,11,17,46.15384615384615,55.0,51.515151515151516,-50.8,-29.2,-7.2,0.0,-18.3
TAGAAAACCTCTCCAACTTCATCAAGGCCATGGTCAGCTACGGCATC,CTCTCCAACTTCA,TCAAGGgCATGGTCAGCTAC,CTCTCCAACTTCATCAAGGgCATGGTCAGCTAC,13,20,33,24.629500344753183,53.88411270988456,50.29272773816001,58.03607121628778,-3.591384971724551,6,11,17,46.15384615384615,55.0,51.515151515151516,-51.5,-29.1,-4.4,0.0,-18.3
TAGAAAACCTCTCCAACTTCATCAAGGCCATGGTCAGCTACGGCATC,CTCTCCAACTTCA,TCAAGGCgATGGTCAGCTAC,CTCTCCAACTTCATCAAGGCgATGGTCAGCTAC,13,20,33,24.629500344753183,53.88411270988456,46.855693179026446,56.36602468417067,-7.028419530858116,6,11,17,46.15384615384615,55.0,51.515151515151516,-51.9,-27.9,-5.2,0.0,-18.3
TAGAAAACCTCTCCAACTTCATCAAGGCCATGGTCAGCTACGGCATC,CTCTCCAACTTCA,TCAAGGCCtTGGTCAGCTAC,CTCTCCAACTTCATCAAGGCCtTGGTCAGCTAC,13,20,33,24.629500344753183,53.88411270988456,48.157456855287535,55.21690378033583,-5.726655854597027,6,11,17,46.15384615384615,55.0,51.515151515151516,-54.2,-29.9,-6.1,0.0,-18.3
TAGAAAACCTCTCCAACTTCATCAAGGCCATGGTCAGCTACGGCATC,CTCTCCAACTTCA,TCAAGGCCATcGTCAGCTAC,CTCTCCAACTTCATCAAGGCCATcGTCAGCTAC,13,20,33,24.629500344753183,53.88411270988456,43.96616640577503,53.88983245565481,-9.917946304109535,6,11,17,46.15384615384615,55.0,51.515151515151516,-54.9,-30.1,-3.9,0.0,-18.3
TAGAAAACCTCTCCAACTTCATCAAGGCCATGGTCAGCTACGGCATC,CTCTCCAACTTCA,TCAAGGCCATGGTgAGCTAC,CTCTCCAACTTCATCAAGGCCATGGTgAGCTAC,13,20,33,24.629500344753183,53.88411270988456,47.056408423039954,58.10191920088249,-6.827704286844607,6,11,17,46.15384615384615,55.0,51.515151515151516,-50.9,-27.6,-6.5,0.0,-18.3
ACCTCTCCAACTTCATCAAGGCCATGGTCAGCTACGGCATCAACGCC,AACTTCATCAAGG,gCATGGTCAGCTACGGCATC,AACTTCATCAAGGgCATGGTCAGCTACGGCATC,13,20,33,28.78618977774255,55.13698044029502,40.4625706516523,56.74396823883262,-14.67440978864272,5,12,17,38.46153846153846,60.0,51.515151515151516,-41.9,-26.9,-0.9,0.0,-22.8
ACCTCTCCAACTTCATCAAGGCCATGGTCAGCTACGGCATCAACGCC,AACTTCATCAAGG,CgATGGTCAGCTACGGCATC,AACTTCATCAAGGCgATGGTCAGCTACGGCATC,13,20,33,28.78618977774255,55.13698044029502,48.37014977762749,55.00681572404034,-6.76683066266753,5,12,17,38.46153846153846,60.0,51.515151515151516,-44.5,-27.1,-3.6,0.0,-22.8
ACCTCTCCAACTTCATCAAGGCCATGGTCAGCTACGGCATCAACGCC,AACTTCATCAAGG,CCtTGGTCAGCTACGGCATC,AACTTCATCAAGGCCtTGGTCAGCTACGGCATC,13,20,33,28.78618977774255,55.13698044029502,49.59354920736894,53.89939148805934,-5.543431232926082,5,12,17,38.46153846153846,60.0,51.515151515151516,-48.2,-29.4,-3.1,0.0,-22.8
ACCTCTCCAACTTCATCAAGGCCATGGTCAGCTACGGCATCAACGCC,AACTTCATCAAGG,CCAaGGTCAGCTACGGCATC,AACTTCATCAAGGCCAaGGTCAGCTACGGCATC,13,20,33,28.78618977774255,55.13698044029502,49.09144891075829,56.292567246547776,-6.045531529536731,5,12,17,38.46153846153846,60.0,51.515151515151516,-50.1,-30.1,-3.5,0.0,-22.8
ACCTCTCCAACTTCATCAAGGCCATGGTCAGCTACGGCATCAACGCC,AACTTCATCAAGG,CCATGcTCAGCTACGGCATC,AACTTCATCAAGGCCATGcTCAGCTACGGCATC,13,20,33,28.78618977774255,55.13698044029502,44.49635693474852,55.179048842813586,-10.6406235055465,5,12,17,38.46153846153846,60.0,51.515151515151516,-49.1,-27.9,-6.6,0.0,-22.8
ACCTCTCCAACTTCATCAAGGCCATGGTCAGCTACGGCATCAACGCC,AACTTCATCAAGG,CCATGGaCAGCTACGGCATC,AACTTCATCAAGGCCATGGaCAGCTACGGCATC,13,20,33,28.78618977774255,55.13698044029502,49.469660128430974,57.637277767818375,-5.667320311864046,5,12,17,38.46153846153846,60.0,51.515151515151516,-49.1,-26.5,-5.1,0.0,-22.8
ACCTCTCCAACTTCATCAAGGCCATGGTCAGCTACGGCATCAACGCC,AACTTCATCAAGG,CCATGGTgAGCTACGGCATC,AACTTCATCAAGGCCATGGTgAGCTACGGCATC,13,20,33,28.78618977774255,55.13698044029502,48.640191402041125,56.60987220591835,-6.496789038253894,5,12,17,38.46153846153846,60.0,51.515151515151516,-49.6,-26.1,-5.1,0.0,-22.8
ACCTCTCCAACTTCATCAAGGCCATGGTCAGCTACGGCATCAACGCC,AACTTCATCAAGG,CCATGGTCtGCTACGGCATC,AACTTCATCAAGGCCATGGTCtGCTACGGCATC,13,20,33,28.78618977774255,55.13698044029502,50.188629153312206,55.007586423645364,-4.948351286982813,5,12,17,38.46153846153846,60.0,51.515151515151516,-47.4,-30.1,-5.1,0.0,-22.8
ACCTCTCCAACTTCATCAAGGCCATGGTCAGCTACGGCATCAACGCC,AACTTCATCAAGG,CCATGGTCAGgTACGGCATC,AACTTCATCAAGGCCATGGTCAGgTACGGCATC,13,20,33,28.78618977774255,55.13698044029502,51.02492917638136,55.60679815231896,-4.112051263913656,5,12,17,38.46153846153846,60.0,51.515151515151516,-48.0,-27.9,-5.1,0.0,-22.8
ACCTCTCCAACTTCATCAAGGCCATGGTCAGCTACGGCATCAACGCC,AACTTCATCAAGG,CCATGGTCAGCTAgGGCATC,AACTTCATCAAGGCCATGGTCAGCTAgGGCATC,13,20,33,28.78618977774255,55.13698044029502,48.89172428593133,57.32814762778412,-6.2452561543636875,5,12,17,38.46153846153846,60.0,51.515151515151516,-50.6,-28.9,-1.6,0.0,-22.8
CTTCATCAAGGCCATGGTCAGCTACGGCATCAACGCCGTGGACCTGT,AGGCCATGGTCAG,gTACGGCATCAACGCCGTGG,AGGCCATGGTCAGgTACGGCATCAACGCCGTGG,13,20,33,44.63132819153486,58.430074102095375,57.520705309446384,57.10622361307367,-0.9093687926489906,8,13,21,61.53846153846154,65.0,63.63636363636363,-57.4,-36.3,-8.2,-1.5,-26.2
CTTCATCAAGGCCATGGTCAGCTACGGCATCAACGCCGTGGACCTGT,AGGCCATGGTCAG,CaACGGCATCAACGCCGTGG,AGGCCATGGTCAGCaACGGCATCAACGCCGTGG,13,20,33,44.63132819153486,58.430074102095375,54.17659285018277,57.358743729587786,-4.2534812519126035,8,13,21,61.53846153846154,65.0,63.63636363636363,-58.4,-37.3,-8.7,-1.5,-26.2
CTTCATCAAGGCCATGGTCAGCTACGGCATCAACGCCGTGGACCTGT,AGGCCATGGTCAG,CTtCGGCATCAACGCCGTGG,AGGCCATGGTCAGCTtCGGCATCAACGCCGTGG,13,20,33,44.63132819153486,58.430074102095375,53.24461832048462,54.31879269332683,-5.185455781610756,8,13,21,61.53846153846154,65.0,63.63636363636363,-58.1,-37.2,-7.7,-1.5,-26.2
CTTCATCAAGGCCATGGTCAGCTACGGCATCAACGCCGTGGACCTGT,AGGCCATGGTCAG,CTAgGGCATCAACGCCGTGG,AGGCCATGGTCAGCTAgGGCATCAACGCCGTGG,13,20,33,44.63132819153486,58.430074102095375,52.52704132996354,58.627113776447686,-5.903032772131837,8,13,21,61.53846153846154,65.0,63.63636363636363,-59.3,-35.9,-5.7,-1.5,-26.2
CTTCATCAAGGCCATGGTCAGCTACGGCATCAACGCCGTGGACCTGT,AGGCCATGGTCAG,CTACGcCATCAACGCCGTGG,AGGCCATGGTCAGCTACGcCATCAACGCCGTGG,13,20,33,44.63132819153486,58.430074102095375,48.25036988807307,55.661398436853915,-10.179704214022308,8,13,21,61.53846153846154,65.0,63.63636363636363,-60.2,-38.0,-6.3,-1.5,-26.2
CTTCATCAAGGCCATGGTCAGCTACGGCATCAACGCCGTGGACCTGT,AGGCCATGGTCAG,CTACGGgATCAACGCCGTGG,AGGCCATGGTCAGCTACGGgATCAACGCCGTGG,13,20,33,44.63132819153486,58.430074102095375,53.372868334995076,57.816948336258804,-5.0572057671002995,8,13,21,61.53846153846154,65.0,63.63636363636363,-55.3,-34.3,-6.0,-1.5,-26.2
CTTCATCAAGGCCATGGTCAGCTACGGCATCAACGCCGTGGACCTGT,AGGCCATGGTCAG,CTACGGCtTCAACGCCGTGG,AGGCCATGGTCAGCTACGGCtTCAACGCCGTGG,13,20,33,44.63132819153486,58.430074102095375,53.14721610109683,55.368427785920744,-5.282858000998544,8,13,21,61.53846153846154,65.0,63.63636363636363,-60.1,-39.2,-9.9,-1.5,-26.2
CTTCATCAAGGCCATGGTCAGCTACGGCATCAACGCCGTGGACCTGT,AGGCCATGGTCAG,CTACGGCAaCAACGCCGTGG,AGGCCATGGTCAGCTACGGCAaCAACGCCGTGG,13,20,33,44.63132819153486,58.430074102095375,53.523487284005114,58.54206658064692,-4.906586818090261,8,13,21,61.53846153846154,65.0,63.63636363636363,-60.0,-39.1,-9.8,-1.5,-26.2
CTTCATCAAGGCCATGGTCAGCTACGGCATCAACGCCGTGGACCTGT,AGGCCATGGTCAG,CTACGGCATCtACGCCGTGG,AGGCCATGGTCAGCTACGGCATCtACGCCGTGG,13,20,33,44.63132819153486,58.430074102095375,53.19404860789791,56.22942342780635,-5.236025494197463,8,13,21,61.53846153846154,65.0,63.63636363636363,-59.3,-38.4,-9.1,-1.5,-26.2
CTTCATCAAGGCCATGGTCAGCTACGGCATCAACGCCGTGGACCTGT,AGGCCATGGTCAG,CTACGGCATCAACcCCGTGG,AGGCCATGGTCAGCTACGGCATCAACcCCGTGG,13,20,33,44.63132819153486,58.430074102095375,47.50739684448371,57.117338395854176,-10.922677257611667,8,13,21,61.53846153846154,65.0,63.63636363636363,-58.4,-36.1,-6.3,-1.5,-26.2
TGGTCAGCTACGGCATCAACGCCGTGGACCTGTTCGAGGCCAATGAC,TACGGCATCAACG,gCGTGGACCTGTTCGAGGCC,TACGGCATCAACGgCGTGGACCTGTTCGAGGCC,13,20,33,38.47060613452504,59.42317931683192,44.81261368755628,60.057323793617456,-14.61056562927564,7,14,21,53.84615384615385,70.0,63.63636363636363,-48.2,-30.0,-9.9,-5.7,-25.4
TGGTCAGCTACGGCATCAACGCCGTGGACCTGTTCGAGGCCAATGAC,TACGGCATCAACG,CgGTGGACCTGTTCGAGGCC,TACGGCATCAACGCgGTGGACCTGTTCGAGGCC,13,20,33,38.47060613452504,59.42317931683192,52.34365483517905,59.820956858793636,-7.079524481652868,7,14,21,53.84615384615385,70.0,63.63636363636363,-50.1,-33.7,-10.2,-5.7,-25.4
TGGTCAGCTACGGCATCAACGCCGTGGACCTGTTCGAGGCCAATGAC,TACGGCATCAACG,CCcTGGACCTGTTCGAGGCC,TACGGCATCAACGCCcTGGACCTGTTCGAGGCC,13,20,33,38.47060613452504,59.42317931683192,48.531225107359376,60.18035178792309,-10.891954209472544,7,14,21,53.84615384615385,70.0,63.63636363636363,-52.2,-30.8,-9.1,-5.7,-25.4
TGGTCAGCTACGGCATCAACGCCGTGGACCTGTTCGAGGCCAATGAC,TACGGCATCAACG,CCGaGGACCTGTTCGAGGCC,TACGGCATCAACGCCGaGGACCTGTTCGAGGCC,13,20,33,38.47060613452504,59.42317931683192,53.34123415446243,60.055697117783495,-6.081945162369493,7,14,21,53.84615384615385,70.0,63.63636363636363,-54.5,-30.0,-10.5,-5.7,-25.4
TGGTCAGCTACGGCATCAACGCCGTGGACCTGTTCGAGGCCAATGAC,TACGGCATCAACG,CCGTGcACCTGTTCGAGGCC,TACGGCATCAACGCCGTGcACCTGTTCGAGGCC,13,20,33,38.47060613452504,59.42317931683192,51.06699533539279,57.674236608182355,-8.35618398143913,7,14,21,53.84615384615385,70.0,63.63636363636363,-52.9,-31.0,-10.3,-5.7,-25.4
TGGTCAGCTACGGCATCAACGCCGTGGACCTGTTCGAGGCCAATGAC,TACGGCATCAACG,CCGTGGtCCTGTTCGAGGCC,TACGGCATCAACGCCGTGGtCCTGTTCGAGGCC,13,20,33,38.47060613452504,59.42317931683192,52.952668102157645,56.58942296834982,-6.470511214674275,7,14,21,53.84615384615385,70.0,63.63636363636363,-53.9,-29.9,-12.1,-5.7,-25.4
TGGTCAGCTACGGCATCAACGCCGTGGACCTGTTCGAGGCCAATGAC,TACGGCATCAACG,CCGTGGAgCTGTTCGAGGCC,TACGGCATCAACGCCGTGGAgCTGTTCGAGGCC,13,20,33,38.47060613452504,59.42317931683192,55.90105797369773,59.09475134576343,-3.522121343134188,7,14,21,53.84615384615385,70.0,63.63636363636363,-53.9,-31.1,-9.6,-5.7,-25.4
TGGTCAGCTACGGCATCAACGCCGTGGACCTGTTCGAGGCCAATGAC,TACGGCATCAACG,CCGTGGACgTGTTCGAGGCC,TACGGCATCAACGCCGTGGACgTGTTCGAGGCC,13,20,33,38.47060613452504,59.42317931683192,54.20099814256861,57.38978292313482,-5.222181174263312,7,14,21,53.84615384615385,70.0,63.63636363636363,-52.3,-29.4,-10.0,-5.7,-25.4
TGGTCAGCTACGGCATCAACGCCGTGGACCTGTTCGAGGCCAATGAC,TACGGCATCAACG,CCGTGGACCTcTTCGAGGCC,TACGGCATCAACGCCGTGGACCTcTTCGAGGCC,13,20,33,38.47060613452504,59.42317931683192,50.038607193515986,58.452393244225675,-9.384572123315934,7,14,21,53.84615384615385,70.0,63.63636363636363,-57.2,-32.6,-14.9,-5.7,-25.4
TGGTCAGCTACGGCATCAACGCCGTGGACCTGTTCGAGGCCAATGAC,TACGGCATCAACG,CCGTGGACCTGTTgGAGGCC,TACGGCATCAACGCCGTGGACCTGTTgGAGGCC,13,20,33,38.47060613452504,59.42317931683192,52.79241997590418,61.54400923077105,-6.630759340927739,7,14,21,53.84615384615385,70.0,63.63636363636363,-54.6,-30.0,-12.3,-5.7,-25.4
